-- MySQL dump 10.13  Distrib 8.0.25, for Win64 (x86_64)
--
-- Host: localhost    Database: vk
-- ------------------------------------------------------
-- Server version	8.0.25

/*!40101 SET @OLD_CHARACTER_SET_CLIENT=@@CHARACTER_SET_CLIENT */;
/*!40101 SET @OLD_CHARACTER_SET_RESULTS=@@CHARACTER_SET_RESULTS */;
/*!40101 SET @OLD_COLLATION_CONNECTION=@@COLLATION_CONNECTION */;
/*!50503 SET NAMES utf8mb4 */;
/*!40103 SET @OLD_TIME_ZONE=@@TIME_ZONE */;
/*!40103 SET TIME_ZONE='+00:00' */;
/*!40014 SET @OLD_UNIQUE_CHECKS=@@UNIQUE_CHECKS, UNIQUE_CHECKS=0 */;
/*!40014 SET @OLD_FOREIGN_KEY_CHECKS=@@FOREIGN_KEY_CHECKS, FOREIGN_KEY_CHECKS=0 */;
/*!40101 SET @OLD_SQL_MODE=@@SQL_MODE, SQL_MODE='NO_AUTO_VALUE_ON_ZERO' */;
/*!40111 SET @OLD_SQL_NOTES=@@SQL_NOTES, SQL_NOTES=0 */;

--
-- Table structure for table `communities`
--

DROP TABLE IF EXISTS `communities`;
/*!40101 SET @saved_cs_client     = @@character_set_client */;
/*!50503 SET character_set_client = utf8mb4 */;
CREATE TABLE `communities` (
  `id` bigint unsigned NOT NULL AUTO_INCREMENT,
  `name` varchar(150) NOT NULL,
  `description` varchar(255) DEFAULT NULL,
  `admin_id` bigint unsigned NOT NULL,
  PRIMARY KEY (`id`),
  UNIQUE KEY `id` (`id`),
  KEY `admin_id` (`admin_id`),
  CONSTRAINT `communities_ibfk_1` FOREIGN KEY (`admin_id`) REFERENCES `users` (`id`)
) ENGINE=InnoDB AUTO_INCREMENT=121 DEFAULT CHARSET=utf8mb4 COLLATE=utf8mb4_0900_ai_ci;
/*!40101 SET character_set_client = @saved_cs_client */;

--
-- Dumping data for table `communities`
--

LOCK TABLES `communities` WRITE;
/*!40000 ALTER TABLE `communities` DISABLE KEYS */;
INSERT INTO `communities` VALUES (1,'nec nisi volutpat eleifend','Duis bibendum. Morbi non quam nec dui luctus rutrum. Nulla tellus.',58),(2,'montes nascetur ridiculus mus etiam vel augue vestibulum rutrum','Nullam porttitor lacus at turpis. Donec posuere metus vitae ipsum. Aliquam non mauris.',59),(3,'quam fringilla rhoncus','Nullam porttitor lacus at turpis. Donec posuere metus vitae ipsum. Aliquam non mauris.',9),(4,'nisl ut volutpat','Proin interdum mauris non ligula pellentesque ultrices. Phasellus id sapien in sapien iaculis congue. Vivamus metus arcu, adipiscing molestie, hendrerit at, vulputate vitae, nisl.',22),(5,'volutpat sapien arcu sed augue aliquam','Aenean fermentum. Donec ut mauris eget massa tempor convallis. Nulla neque libero, convallis eget, eleifend luctus, ultricies eu, nibh.',4),(6,'vulputate luctus cum sociis natoque penatibus et magnis dis','Duis bibendum, felis sed interdum venenatis, turpis enim blandit mi, in porttitor pede justo eu massa. Donec dapibus. Duis at velit eu est congue elementum.',72),(7,'justo in blandit ultrices','Proin interdum mauris non ligula pellentesque ultrices. Phasellus id sapien in sapien iaculis congue. Vivamus metus arcu, adipiscing molestie, hendrerit at, vulputate vitae, nisl.',58),(8,'odio cras mi pede malesuada in','Integer ac leo. Pellentesque ultrices mattis odio. Donec vitae nisi.',5),(9,'lobortis est','Maecenas leo odio, condimentum id, luctus nec, molestie sed, justo. Pellentesque viverra pede ac diam. Cras pellentesque volutpat dui.',85),(10,'lectus aliquam sit amet diam in magna bibendum','Maecenas ut massa quis augue luctus tincidunt. Nulla mollis molestie lorem. Quisque ut erat.',90),(11,'convallis tortor risus dapibus augue vel accumsan tellus nisi','Nullam sit amet turpis elementum ligula vehicula consequat. Morbi a ipsum. Integer a nibh.',19),(12,'cras mi pede malesuada in imperdiet et commodo','Integer ac leo. Pellentesque ultrices mattis odio. Donec vitae nisi.',48),(13,'nulla eget eros elementum pellentesque quisque','Aliquam quis turpis eget elit sodales scelerisque. Mauris sit amet eros. Suspendisse accumsan tortor quis turpis.',59),(14,'quis libero nullam sit amet turpis elementum ligula','Cum sociis natoque penatibus et magnis dis parturient montes, nascetur ridiculus mus. Vivamus vestibulum sagittis sapien. Cum sociis natoque penatibus et magnis dis parturient montes, nascetur ridiculus mus.',48),(16,'magna vulputate luctus cum sociis natoque penatibus et','Nullam porttitor lacus at turpis. Donec posuere metus vitae ipsum. Aliquam non mauris.',94),(17,'maecenas pulvinar lobortis est phasellus sit','Curabitur gravida nisi at nibh. In hac habitasse platea dictumst. Aliquam augue quam, sollicitudin vitae, consectetuer eget, rutrum at, lorem.',65),(18,'parturient montes nascetur ridiculus mus etiam vel','Praesent blandit. Nam nulla. Integer pede justo, lacinia eget, tincidunt eget, tempus vel, pede.',70),(19,'eget eleifend luctus ultricies eu nibh quisque','Suspendisse potenti. In eleifend quam a odio. In hac habitasse platea dictumst.',18),(20,'at ipsum ac tellus semper','Quisque id justo sit amet sapien dignissim vestibulum. Vestibulum ante ipsum primis in faucibus orci luctus et ultrices posuere cubilia Curae; Nulla dapibus dolor vel est. Donec odio justo, sollicitudin ut, suscipit a, feugiat et, eros.',52),(21,'hac habitasse platea dictumst morbi vestibulum velit id','Curabitur at ipsum ac tellus semper interdum. Mauris ullamcorper purus sit amet nulla. Quisque arcu libero, rutrum ac, lobortis vel, dapibus at, diam.',20),(22,'rutrum nulla nunc purus','Mauris enim leo, rhoncus sed, vestibulum sit amet, cursus id, turpis. Integer aliquet, massa id lobortis convallis, tortor risus dapibus augue, vel accumsan tellus nisi eu orci. Mauris lacinia sapien quis libero.',18),(23,'sit amet consectetuer adipiscing elit proin interdum','Nullam sit amet turpis elementum ligula vehicula consequat. Morbi a ipsum. Integer a nibh.',100),(24,'ut volutpat sapien arcu sed augue aliquam','Integer tincidunt ante vel ipsum. Praesent blandit lacinia erat. Vestibulum sed magna at nunc commodo placerat.',92),(25,'eget orci','Praesent blandit. Nam nulla. Integer pede justo, lacinia eget, tincidunt eget, tempus vel, pede.',87),(26,'sit amet justo morbi ut odio cras mi pede malesuada','Fusce posuere felis sed lacus. Morbi sem mauris, laoreet ut, rhoncus aliquet, pulvinar sed, nisl. Nunc rhoncus dui vel sem.',22),(27,'turpis integer aliquet massa id lobortis convallis tortor risus dapibus','Nullam sit amet turpis elementum ligula vehicula consequat. Morbi a ipsum. Integer a nibh.',40),(28,'ullamcorper purus sit amet nulla quisque arcu libero','Proin interdum mauris non ligula pellentesque ultrices. Phasellus id sapien in sapien iaculis congue. Vivamus metus arcu, adipiscing molestie, hendrerit at, vulputate vitae, nisl.',19),(29,'justo lacinia eget tincidunt eget tempus vel pede','Duis bibendum. Morbi non quam nec dui luctus rutrum. Nulla tellus.',36),(30,'erat eros viverra eget','Proin leo odio, porttitor id, consequat in, consequat ut, nulla. Sed accumsan felis. Ut at dolor quis odio consequat varius.',69),(31,'morbi quis tortor id nulla ultrices aliquet maecenas leo odio','Maecenas tristique, est et tempus semper, est quam pharetra magna, ac consequat metus sapien ut nunc. Vestibulum ante ipsum primis in faucibus orci luctus et ultrices posuere cubilia Curae; Mauris viverra diam vitae quam. Suspendisse potenti.',26),(32,'aliquam quis turpis eget elit sodales scelerisque','Duis consequat dui nec nisi volutpat eleifend. Donec ut dolor. Morbi vel lectus in quam fringilla rhoncus.',45),(33,'ligula nec sem duis aliquam convallis nunc proin at','Maecenas tristique, est et tempus semper, est quam pharetra magna, ac consequat metus sapien ut nunc. Vestibulum ante ipsum primis in faucibus orci luctus et ultrices posuere cubilia Curae; Mauris viverra diam vitae quam. Suspendisse potenti.',1),(35,'hac habitasse','Maecenas leo odio, condimentum id, luctus nec, molestie sed, justo. Pellentesque viverra pede ac diam. Cras pellentesque volutpat dui.',30),(36,'tellus nulla ut erat id mauris vulputate elementum nullam varius','Cras mi pede, malesuada in, imperdiet et, commodo vulputate, justo. In blandit ultrices enim. Lorem ipsum dolor sit amet, consectetuer adipiscing elit.',87),(37,'mi pede','Nullam sit amet turpis elementum ligula vehicula consequat. Morbi a ipsum. Integer a nibh.',63),(38,'elementum in hac habitasse platea dictumst morbi vestibulum','Nullam sit amet turpis elementum ligula vehicula consequat. Morbi a ipsum. Integer a nibh.',63),(39,'diam neque vestibulum eget','In sagittis dui vel nisl. Duis ac nibh. Fusce lacus purus, aliquet at, feugiat non, pretium quis, lectus.',77),(40,'ultrices libero non mattis','Etiam vel augue. Vestibulum rutrum rutrum neque. Aenean auctor gravida sem.',25),(41,'fusce posuere felis sed lacus morbi','Maecenas leo odio, condimentum id, luctus nec, molestie sed, justo. Pellentesque viverra pede ac diam. Cras pellentesque volutpat dui.',17),(42,'velit vivamus vel nulla eget eros elementum pellentesque quisque','Vestibulum quam sapien, varius ut, blandit non, interdum in, ante. Vestibulum ante ipsum primis in faucibus orci luctus et ultrices posuere cubilia Curae; Duis faucibus accumsan odio. Curabitur convallis.',77),(43,'non pretium quis lectus suspendisse potenti in eleifend quam','Nulla ut erat id mauris vulputate elementum. Nullam varius. Nulla facilisi.',30),(44,'cursus urna ut tellus','Nullam sit amet turpis elementum ligula vehicula consequat. Morbi a ipsum. Integer a nibh.',29),(45,'potenti nullam porttitor','Curabitur at ipsum ac tellus semper interdum. Mauris ullamcorper purus sit amet nulla. Quisque arcu libero, rutrum ac, lobortis vel, dapibus at, diam.',71),(46,'amet turpis elementum ligula vehicula consequat','In hac habitasse platea dictumst. Etiam faucibus cursus urna. Ut tellus.',53),(47,'dui proin leo odio porttitor','Proin interdum mauris non ligula pellentesque ultrices. Phasellus id sapien in sapien iaculis congue. Vivamus metus arcu, adipiscing molestie, hendrerit at, vulputate vitae, nisl.',55),(48,'et ultrices posuere cubilia curae donec pharetra magna vestibulum aliquet','Nullam porttitor lacus at turpis. Donec posuere metus vitae ipsum. Aliquam non mauris.',87),(49,'lorem integer tincidunt ante vel','Curabitur in libero ut massa volutpat convallis. Morbi odio odio, elementum eu, interdum eu, tincidunt in, leo. Maecenas pulvinar lobortis est.',34),(50,'blandit lacinia erat vestibulum sed','Maecenas tristique, est et tempus semper, est quam pharetra magna, ac consequat metus sapien ut nunc. Vestibulum ante ipsum primis in faucibus orci luctus et ultrices posuere cubilia Curae; Mauris viverra diam vitae quam. Suspendisse potenti.',65),(51,'condimentum id luctus nec molestie sed justo pellentesque','Fusce posuere felis sed lacus. Morbi sem mauris, laoreet ut, rhoncus aliquet, pulvinar sed, nisl. Nunc rhoncus dui vel sem.',88),(52,'sed nisl nunc rhoncus','Suspendisse potenti. In eleifend quam a odio. In hac habitasse platea dictumst.',20),(53,'sodales sed tincidunt eu','Morbi non lectus. Aliquam sit amet diam in magna bibendum imperdiet. Nullam orci pede, venenatis non, sodales sed, tincidunt eu, felis.',37),(54,'nulla suscipit ligula in lacus curabitur at ipsum','Cum sociis natoque penatibus et magnis dis parturient montes, nascetur ridiculus mus. Vivamus vestibulum sagittis sapien. Cum sociis natoque penatibus et magnis dis parturient montes, nascetur ridiculus mus.',93),(55,'vestibulum proin eu mi nulla ac enim in','Maecenas leo odio, condimentum id, luctus nec, molestie sed, justo. Pellentesque viverra pede ac diam. Cras pellentesque volutpat dui.',17),(56,'a suscipit','Nulla ut erat id mauris vulputate elementum. Nullam varius. Nulla facilisi.',91),(57,'felis fusce posuere felis sed lacus','Proin interdum mauris non ligula pellentesque ultrices. Phasellus id sapien in sapien iaculis congue. Vivamus metus arcu, adipiscing molestie, hendrerit at, vulputate vitae, nisl.',85),(58,'sit amet consectetuer adipiscing elit proin interdum mauris non','Aliquam quis turpis eget elit sodales scelerisque. Mauris sit amet eros. Suspendisse accumsan tortor quis turpis.',83),(59,'nulla elit ac nulla','Morbi porttitor lorem id ligula. Suspendisse ornare consequat lectus. In est risus, auctor sed, tristique in, tempus sit amet, sem.',26),(60,'ridiculus mus etiam vel augue vestibulum rutrum rutrum','Proin eu mi. Nulla ac enim. In tempor, turpis nec euismod scelerisque, quam turpis adipiscing lorem, vitae mattis nibh ligula nec sem.',86),(61,'volutpat erat quisque','Nullam sit amet turpis elementum ligula vehicula consequat. Morbi a ipsum. Integer a nibh.',16),(62,'ante vel ipsum praesent','Maecenas ut massa quis augue luctus tincidunt. Nulla mollis molestie lorem. Quisque ut erat.',98),(63,'cubilia curae donec pharetra magna vestibulum aliquet ultrices erat tortor','Cras mi pede, malesuada in, imperdiet et, commodo vulputate, justo. In blandit ultrices enim. Lorem ipsum dolor sit amet, consectetuer adipiscing elit.',17),(64,'vitae ipsum','Curabitur at ipsum ac tellus semper interdum. Mauris ullamcorper purus sit amet nulla. Quisque arcu libero, rutrum ac, lobortis vel, dapibus at, diam.',15),(65,'in hac habitasse platea dictumst etiam faucibus cursus urna','Etiam vel augue. Vestibulum rutrum rutrum neque. Aenean auctor gravida sem.',69),(66,'praesent blandit lacinia erat vestibulum sed magna at','Duis aliquam convallis nunc. Proin at turpis a pede posuere nonummy. Integer non velit.',9),(67,'justo in blandit ultrices enim lorem','Vestibulum ac est lacinia nisi venenatis tristique. Fusce congue, diam id ornare imperdiet, sapien urna pretium nisl, ut volutpat sapien arcu sed augue. Aliquam erat volutpat.',24),(68,'non ligula pellentesque ultrices phasellus id sapien in sapien iaculis','Aenean fermentum. Donec ut mauris eget massa tempor convallis. Nulla neque libero, convallis eget, eleifend luctus, ultricies eu, nibh.',62),(69,'sagittis dui vel nisl','Sed ante. Vivamus tortor. Duis mattis egestas metus.',88),(70,'nulla suscipit','Nulla ut erat id mauris vulputate elementum. Nullam varius. Nulla facilisi.',77),(71,'posuere nonummy','Aliquam quis turpis eget elit sodales scelerisque. Mauris sit amet eros. Suspendisse accumsan tortor quis turpis.',16),(72,'odio consequat varius integer ac leo pellentesque ultrices mattis odio','Fusce consequat. Nulla nisl. Nunc nisl.',10),(73,'sed interdum venenatis turpis enim blandit mi in porttitor','Phasellus sit amet erat. Nulla tempus. Vivamus in felis eu sapien cursus vestibulum.',83),(74,'felis ut at dolor quis odio consequat','Duis bibendum. Morbi non quam nec dui luctus rutrum. Nulla tellus.',63),(75,'semper rutrum nulla nunc purus phasellus','Integer ac leo. Pellentesque ultrices mattis odio. Donec vitae nisi.',54),(76,'cursus id turpis','Phasellus in felis. Donec semper sapien a libero. Nam dui.',86),(77,'porttitor pede justo eu massa donec dapibus','Duis bibendum. Morbi non quam nec dui luctus rutrum. Nulla tellus.',87),(78,'blandit non interdum in ante vestibulum','Nam ultrices, libero non mattis pulvinar, nulla pede ullamcorper augue, a suscipit nulla elit ac nulla. Sed vel enim sit amet nunc viverra dapibus. Nulla suscipit ligula in lacus.',45),(79,'ullamcorper purus sit','Lorem ipsum dolor sit amet, consectetuer adipiscing elit. Proin risus. Praesent lectus.',80),(80,'consequat morbi a ipsum integer a nibh in quis','Phasellus sit amet erat. Nulla tempus. Vivamus in felis eu sapien cursus vestibulum.',52),(81,'id nulla ultrices aliquet maecenas leo odio','Aenean lectus. Pellentesque eget nunc. Donec quis orci eget orci vehicula condimentum.',66),(82,'consequat dui nec nisi volutpat eleifend donec ut dolor morbi','Vestibulum quam sapien, varius ut, blandit non, interdum in, ante. Vestibulum ante ipsum primis in faucibus orci luctus et ultrices posuere cubilia Curae; Duis faucibus accumsan odio. Curabitur convallis.',74),(83,'dictumst aliquam','Morbi non lectus. Aliquam sit amet diam in magna bibendum imperdiet. Nullam orci pede, venenatis non, sodales sed, tincidunt eu, felis.',53),(84,'vulputate ut ultrices vel augue vestibulum ante ipsum primis','Phasellus in felis. Donec semper sapien a libero. Nam dui.',48),(85,'libero rutrum ac lobortis vel dapibus at diam nam tristique','Integer tincidunt ante vel ipsum. Praesent blandit lacinia erat. Vestibulum sed magna at nunc commodo placerat.',59),(86,'et eros vestibulum ac est lacinia nisi venenatis tristique fusce','Aliquam quis turpis eget elit sodales scelerisque. Mauris sit amet eros. Suspendisse accumsan tortor quis turpis.',11),(87,'volutpat quam pede lobortis ligula sit','Phasellus in felis. Donec semper sapien a libero. Nam dui.',93),(88,'volutpat quam pede','In hac habitasse platea dictumst. Etiam faucibus cursus urna. Ut tellus.',63),(89,'id massa id nisl venenatis','In hac habitasse platea dictumst. Etiam faucibus cursus urna. Ut tellus.',24),(90,'rhoncus aliquet pulvinar sed nisl nunc rhoncus dui vel sem','Duis aliquam convallis nunc. Proin at turpis a pede posuere nonummy. Integer non velit.',48),(91,'pede justo eu massa donec dapibus duis at velit','Sed sagittis. Nam congue, risus semper porta volutpat, quam pede lobortis ligula, sit amet eleifend pede libero quis orci. Nullam molestie nibh in lectus.',49),(92,'integer pede justo lacinia eget tincidunt eget','In sagittis dui vel nisl. Duis ac nibh. Fusce lacus purus, aliquet at, feugiat non, pretium quis, lectus.',44),(93,'dictumst aliquam augue quam sollicitudin','Integer tincidunt ante vel ipsum. Praesent blandit lacinia erat. Vestibulum sed magna at nunc commodo placerat.',28),(94,'leo odio condimentum','Nam ultrices, libero non mattis pulvinar, nulla pede ullamcorper augue, a suscipit nulla elit ac nulla. Sed vel enim sit amet nunc viverra dapibus. Nulla suscipit ligula in lacus.',78),(95,'ullamcorper purus sit amet nulla quisque arcu','In quis justo. Maecenas rhoncus aliquam lacus. Morbi quis tortor id nulla ultrices aliquet.',83),(96,'viverra diam vitae quam suspendisse','Maecenas leo odio, condimentum id, luctus nec, molestie sed, justo. Pellentesque viverra pede ac diam. Cras pellentesque volutpat dui.',22),(97,'nisi venenatis tristique fusce congue diam id ornare imperdiet sapien','Cras non velit nec nisi vulputate nonummy. Maecenas tincidunt lacus at velit. Vivamus vel nulla eget eros elementum pellentesque.',71),(98,'in magna bibendum imperdiet nullam orci pede venenatis non','In sagittis dui vel nisl. Duis ac nibh. Fusce lacus purus, aliquet at, feugiat non, pretium quis, lectus.',68),(99,'primis in faucibus orci luctus et ultrices posuere cubilia','Aenean fermentum. Donec ut mauris eget massa tempor convallis. Nulla neque libero, convallis eget, eleifend luctus, ultricies eu, nibh.',13),(100,'mi nulla ac','Proin leo odio, porttitor id, consequat in, consequat ut, nulla. Sed accumsan felis. Ut at dolor quis odio consequat varius.',50),(101,'sed magna','Morbi non lectus. Aliquam sit amet diam in magna bibendum imperdiet. Nullam orci pede, venenatis non, sodales sed, tincidunt eu, felis.',6),(102,'ligula sit amet eleifend pede libero quis','Duis consequat dui nec nisi volutpat eleifend. Donec ut dolor. Morbi vel lectus in quam fringilla rhoncus.',24),(103,'posuere nonummy','Lorem ipsum dolor sit amet, consectetuer adipiscing elit. Proin risus. Praesent lectus.',53),(104,'sit amet nunc viverra dapibus nulla suscipit ligula','Proin leo odio, porttitor id, consequat in, consequat ut, nulla. Sed accumsan felis. Ut at dolor quis odio consequat varius.',64),(105,'vivamus in felis eu','Aenean lectus. Pellentesque eget nunc. Donec quis orci eget orci vehicula condimentum.',42),(106,'feugiat et eros vestibulum ac est lacinia','Quisque porta volutpat erat. Quisque erat eros, viverra eget, congue eget, semper rutrum, nulla. Nunc purus.',42),(107,'eu mi nulla ac enim in tempor turpis nec','Cras mi pede, malesuada in, imperdiet et, commodo vulputate, justo. In blandit ultrices enim. Lorem ipsum dolor sit amet, consectetuer adipiscing elit.',68),(108,'libero rutrum ac lobortis vel dapibus at diam nam','Phasellus sit amet erat. Nulla tempus. Vivamus in felis eu sapien cursus vestibulum.',87),(109,'libero convallis','Suspendisse potenti. In eleifend quam a odio. In hac habitasse platea dictumst.',64),(111,'mauris ullamcorper purus sit amet','Suspendisse potenti. In eleifend quam a odio. In hac habitasse platea dictumst.',75),(112,'blandit non interdum in ante vestibulum ante','Praesent id massa id nisl venenatis lacinia. Aenean sit amet justo. Morbi ut odio.',61),(113,'pharetra magna ac consequat metus sapien ut nunc vestibulum ante','Sed ante. Vivamus tortor. Duis mattis egestas metus.',49),(114,'non ligula pellentesque ultrices phasellus','Duis aliquam convallis nunc. Proin at turpis a pede posuere nonummy. Integer non velit.',52),(115,'lacinia erat','Aenean lectus. Pellentesque eget nunc. Donec quis orci eget orci vehicula condimentum.',32),(116,'vel accumsan','Duis bibendum. Morbi non quam nec dui luctus rutrum. Nulla tellus.',77),(117,'quam fringilla rhoncus mauris enim leo rhoncus','Vestibulum ac est lacinia nisi venenatis tristique. Fusce congue, diam id ornare imperdiet, sapien urna pretium nisl, ut volutpat sapien arcu sed augue. Aliquam erat volutpat.',46),(118,'ipsum ac tellus semper interdum mauris ullamcorper','Curabitur in libero ut massa volutpat convallis. Morbi odio odio, elementum eu, interdum eu, tincidunt in, leo. Maecenas pulvinar lobortis est.',96),(119,'eget rutrum at lorem integer tincidunt ante vel ipsum praesent','Duis aliquam convallis nunc. Proin at turpis a pede posuere nonummy. Integer non velit.',8),(120,'sapien ut nunc','Phasellus sit amet erat. Nulla tempus. Vivamus in felis eu sapien cursus vestibulum.',55);
/*!40000 ALTER TABLE `communities` ENABLE KEYS */;
UNLOCK TABLES;

--
-- Table structure for table `communities_users`
--

DROP TABLE IF EXISTS `communities_users`;
/*!40101 SET @saved_cs_client     = @@character_set_client */;
/*!50503 SET character_set_client = utf8mb4 */;
CREATE TABLE `communities_users` (
  `community_id` bigint unsigned NOT NULL,
  `user_id` bigint unsigned NOT NULL,
  `created_at` datetime NOT NULL DEFAULT CURRENT_TIMESTAMP,
  PRIMARY KEY (`community_id`,`user_id`),
  KEY `community_id` (`community_id`),
  KEY `user_id` (`user_id`),
  CONSTRAINT `communities_users_ibfk_1` FOREIGN KEY (`community_id`) REFERENCES `communities` (`id`),
  CONSTRAINT `communities_users_ibfk_2` FOREIGN KEY (`user_id`) REFERENCES `users` (`id`)
) ENGINE=InnoDB DEFAULT CHARSET=utf8mb4 COLLATE=utf8mb4_0900_ai_ci;
/*!40101 SET character_set_client = @saved_cs_client */;

--
-- Dumping data for table `communities_users`
--

LOCK TABLES `communities_users` WRITE;
/*!40000 ALTER TABLE `communities_users` DISABLE KEYS */;
INSERT INTO `communities_users` VALUES (1,25,'2020-05-09 10:01:32'),(1,35,'2020-08-17 18:04:48'),(1,40,'2020-09-28 15:33:21'),(1,91,'2021-02-20 19:29:03'),(2,4,'2020-03-31 21:12:15'),(2,20,'2020-03-12 20:20:02'),(2,48,'2021-03-09 13:40:04'),(3,37,'2021-01-17 01:35:38'),(3,67,'2020-03-15 08:39:30'),(3,75,'2020-07-25 05:54:57'),(4,8,'2021-02-17 08:56:12'),(4,25,'2020-04-28 23:40:12'),(4,36,'2020-10-12 07:00:50'),(4,42,'2021-05-28 23:57:52'),(4,59,'2021-06-28 04:25:45'),(4,91,'2020-01-15 18:24:44'),(5,94,'2020-02-27 06:06:44'),(5,95,'2020-10-26 17:58:16'),(6,10,'2020-10-04 02:26:56'),(6,27,'2020-10-27 14:33:41'),(6,36,'2021-04-30 23:22:20'),(6,49,'2020-01-29 21:34:24'),(6,82,'2021-06-13 22:32:16'),(6,93,'2020-07-28 08:33:33'),(7,29,'2020-10-18 06:48:50'),(7,33,'2020-10-06 19:55:08'),(7,91,'2021-03-14 07:49:32'),(9,14,'2021-05-18 00:57:22'),(9,47,'2020-05-03 06:24:58'),(10,4,'2020-12-19 04:27:40'),(10,6,'2020-09-06 04:25:02'),(10,34,'2020-06-24 16:26:42'),(10,43,'2021-06-12 07:30:05'),(10,88,'2020-04-28 03:42:52'),(11,27,'2021-02-15 21:21:03'),(11,97,'2021-06-05 23:23:53'),(12,27,'2020-06-11 01:36:41'),(12,40,'2021-05-10 23:03:13'),(13,31,'2020-08-22 22:06:36'),(13,46,'2021-03-30 22:31:07'),(14,38,'2021-06-04 13:05:49'),(14,71,'2021-02-23 17:29:51'),(14,84,'2020-08-31 22:30:07'),(16,10,'2021-06-17 05:10:33'),(16,26,'2021-05-06 07:22:44'),(16,49,'2021-04-02 23:37:20'),(16,65,'2020-02-14 14:30:16'),(16,98,'2020-10-22 18:48:14'),(17,83,'2020-11-07 12:23:30'),(18,10,'2020-05-30 13:56:46'),(18,40,'2020-10-17 15:18:27'),(18,66,'2020-01-03 12:16:32'),(18,77,'2021-04-18 04:13:11'),(18,82,'2020-05-10 01:55:26'),(18,83,'2020-04-20 16:08:34'),(18,93,'2020-12-09 03:40:59'),(19,69,'2021-04-09 14:35:27'),(20,22,'2020-09-02 21:03:35'),(20,39,'2020-07-12 17:10:48'),(20,87,'2020-02-23 12:15:06'),(20,92,'2021-02-20 05:01:31'),(21,2,'2020-08-25 00:14:34'),(21,38,'2020-07-13 13:46:37'),(22,19,'2021-01-16 21:08:16'),(23,13,'2020-10-29 03:57:40'),(23,45,'2020-09-03 21:23:21'),(23,76,'2021-03-05 11:33:03'),(24,8,'2021-05-29 09:56:52'),(24,27,'2021-03-19 08:10:32'),(25,24,'2020-11-18 21:39:48'),(25,31,'2020-09-20 08:12:52'),(25,75,'2021-03-23 02:14:02'),(25,77,'2020-11-13 09:27:57'),(25,78,'2020-01-09 08:59:25'),(26,10,'2020-06-22 02:04:43'),(26,19,'2021-02-07 22:01:43'),(26,29,'2020-06-29 02:25:23'),(26,86,'2021-02-24 19:40:18'),(27,48,'2020-03-02 22:00:14'),(28,73,'2020-02-15 04:22:45'),(29,37,'2020-09-17 07:51:45'),(29,88,'2020-11-13 17:44:33'),(30,1,'2020-03-21 07:19:22'),(31,32,'2020-02-02 03:24:14'),(31,34,'2020-01-31 21:56:42'),(31,38,'2020-11-27 02:42:23'),(31,46,'2020-02-09 17:15:10'),(31,52,'2021-06-21 01:34:22'),(31,84,'2020-05-09 17:19:30'),(31,99,'2020-04-26 18:41:57'),(32,30,'2021-04-27 03:58:45'),(32,34,'2021-06-21 15:29:04'),(32,52,'2021-03-17 15:08:56'),(32,54,'2020-04-23 06:19:53'),(33,7,'2021-05-11 15:30:54'),(33,10,'2020-09-10 05:29:01'),(33,35,'2021-01-11 02:59:31'),(33,45,'2020-01-31 02:43:32'),(35,8,'2020-03-09 13:45:35'),(36,15,'2020-11-10 17:53:44'),(37,1,'2020-04-02 16:12:09'),(37,23,'2020-12-15 15:12:10'),(37,77,'2020-10-29 18:15:11'),(38,31,'2020-01-10 16:33:37'),(38,53,'2020-02-14 23:34:28'),(39,13,'2020-04-21 18:09:17'),(39,76,'2021-04-04 04:40:57'),(39,88,'2020-12-02 23:02:05'),(40,8,'2020-02-20 06:00:00'),(40,16,'2020-10-19 02:06:23'),(40,60,'2021-01-17 21:04:22'),(41,69,'2020-07-06 15:45:43'),(41,93,'2020-08-16 04:36:19'),(42,11,'2020-06-27 07:12:58'),(42,85,'2021-01-14 06:42:19'),(43,36,'2020-07-15 06:36:53'),(43,56,'2020-10-08 22:37:07'),(44,41,'2021-06-20 08:57:15'),(44,57,'2020-07-23 20:03:13'),(45,14,'2020-08-05 14:24:56'),(45,45,'2021-02-13 08:07:47'),(45,58,'2021-01-11 21:45:04'),(45,62,'2020-10-07 11:14:55'),(45,82,'2021-06-17 05:05:18'),(45,96,'2020-09-17 09:27:11'),(46,42,'2021-01-29 02:42:55'),(46,56,'2020-10-23 14:43:03'),(47,30,'2020-05-22 15:39:26'),(47,69,'2020-02-16 18:56:05'),(47,87,'2020-05-03 04:20:44'),(48,35,'2021-03-13 06:17:55'),(48,42,'2020-03-26 12:21:39'),(48,54,'2021-02-02 18:27:52'),(49,40,'2021-06-17 17:11:52'),(49,74,'2020-09-14 20:47:54'),(50,13,'2020-01-02 17:10:12'),(50,76,'2020-11-01 16:25:14'),(50,98,'2020-02-18 23:28:24'),(51,3,'2020-11-30 01:59:53'),(51,16,'2020-12-24 07:29:31'),(51,46,'2020-10-17 09:07:01'),(51,49,'2020-07-04 01:57:57'),(53,41,'2020-09-13 21:58:25'),(53,75,'2020-12-21 08:29:52'),(53,85,'2021-02-09 08:09:39'),(54,12,'2020-05-12 10:23:38'),(54,15,'2021-02-28 17:39:01'),(54,29,'2021-03-28 13:10:50'),(54,53,'2021-06-27 02:17:56'),(54,63,'2021-03-07 01:21:03'),(54,78,'2021-05-15 05:02:54'),(55,13,'2020-10-08 06:35:06'),(55,32,'2021-06-18 22:56:06'),(55,64,'2020-06-03 01:08:32'),(56,33,'2021-05-12 13:17:30'),(56,37,'2021-01-24 07:09:58'),(57,7,'2020-11-15 19:21:59'),(57,56,'2021-01-24 20:58:53'),(57,66,'2021-07-02 01:49:03'),(57,91,'2020-05-10 17:28:24'),(57,99,'2021-05-13 22:07:27'),(58,40,'2021-01-11 01:52:43'),(58,44,'2020-02-29 05:33:20'),(58,57,'2021-06-14 22:23:07'),(58,72,'2020-08-05 08:11:36'),(59,14,'2021-06-15 20:59:09'),(59,78,'2020-06-05 00:11:08'),(59,88,'2020-10-09 01:56:36'),(60,16,'2020-05-08 19:46:36'),(60,20,'2020-04-22 21:43:24'),(60,42,'2020-08-27 18:33:55'),(60,50,'2021-05-11 21:13:55'),(61,1,'2021-01-23 22:04:47'),(61,8,'2020-12-17 02:24:04'),(61,11,'2020-09-12 13:24:17'),(61,48,'2020-07-02 07:07:44'),(61,49,'2020-05-24 16:23:22'),(61,57,'2020-07-30 04:53:42'),(62,92,'2020-03-26 17:19:40'),(63,13,'2020-02-05 21:19:52'),(63,28,'2020-05-29 07:49:16'),(63,42,'2020-09-12 08:39:41'),(63,59,'2021-06-15 06:04:14'),(63,65,'2020-09-19 04:39:55'),(63,88,'2021-03-25 00:28:52'),(64,7,'2021-04-11 17:07:19'),(65,20,'2021-05-15 08:39:28'),(65,36,'2020-09-09 00:08:05'),(66,1,'2020-07-29 17:56:20'),(66,27,'2020-10-19 00:04:47'),(66,65,'2020-10-10 07:19:06'),(66,95,'2020-12-18 01:16:45'),(67,28,'2021-04-04 20:17:48'),(67,45,'2020-07-07 19:02:37'),(67,67,'2020-03-01 01:59:02'),(67,73,'2020-01-19 16:06:12'),(68,10,'2020-10-01 12:02:28'),(68,18,'2021-06-11 21:31:18'),(68,45,'2021-05-26 17:42:31'),(68,61,'2021-06-10 11:23:53'),(69,44,'2021-01-16 17:11:12'),(69,79,'2021-06-23 00:54:49'),(70,41,'2020-07-31 00:30:01'),(70,73,'2020-04-16 20:45:40'),(71,1,'2021-06-18 13:10:03'),(71,5,'2020-03-17 08:40:22'),(71,96,'2020-06-10 01:51:37'),(72,23,'2020-08-17 13:21:26'),(72,95,'2020-04-29 23:13:51'),(73,2,'2020-07-06 18:03:21'),(73,9,'2021-01-31 19:40:42'),(73,93,'2020-02-27 04:53:16'),(74,12,'2020-03-27 01:09:19'),(74,28,'2020-01-22 06:42:24'),(74,69,'2020-03-07 04:58:13'),(75,26,'2021-07-07 18:16:40'),(75,42,'2020-03-29 22:24:41'),(75,45,'2020-01-28 01:40:28'),(75,82,'2020-11-10 13:16:41'),(76,67,'2021-04-13 22:13:06'),(76,71,'2020-08-20 17:34:22'),(76,93,'2020-06-03 20:37:15'),(77,1,'2021-07-05 18:31:56'),(78,28,'2021-02-15 01:18:09'),(78,41,'2020-01-23 02:07:33'),(78,90,'2020-07-26 15:26:14'),(78,92,'2020-07-21 07:07:54'),(78,99,'2020-09-06 19:47:03'),(79,6,'2021-06-11 08:58:17'),(79,58,'2020-01-20 11:30:32'),(79,97,'2020-10-18 14:43:20'),(80,44,'2021-07-01 00:29:22'),(80,61,'2020-06-12 23:30:49'),(81,26,'2020-10-15 18:27:58'),(81,38,'2021-07-04 00:31:29'),(81,49,'2020-08-20 04:24:44'),(81,60,'2020-05-18 17:52:40'),(81,76,'2021-02-16 15:11:00'),(81,94,'2021-05-30 13:08:39'),(82,28,'2020-07-23 11:29:34'),(82,52,'2020-04-25 14:01:55'),(82,63,'2021-04-19 09:12:33'),(82,81,'2021-05-07 15:10:21'),(82,86,'2021-01-15 13:31:40'),(83,41,'2021-06-30 02:19:06'),(83,69,'2021-01-24 12:44:19'),(84,77,'2020-03-09 08:40:43'),(85,2,'2020-11-18 08:59:11'),(85,56,'2020-01-13 11:50:00'),(85,61,'2020-09-30 17:29:55'),(85,82,'2020-04-18 06:04:15'),(86,70,'2020-09-29 20:46:37'),(86,97,'2021-06-23 09:34:33'),(87,47,'2020-04-25 15:58:54'),(87,63,'2020-03-10 14:19:27'),(88,25,'2021-01-23 10:17:42'),(88,64,'2020-12-12 08:22:13'),(89,84,'2020-09-17 05:15:33'),(89,91,'2021-01-04 12:14:04'),(90,32,'2020-07-16 07:42:13'),(90,76,'2020-01-22 05:36:47'),(91,38,'2020-10-03 12:19:02'),(92,7,'2020-09-15 08:05:42'),(92,30,'2020-01-05 08:17:39'),(92,58,'2020-09-01 10:12:13'),(93,12,'2020-12-01 14:50:28'),(93,37,'2021-03-03 08:44:34'),(94,32,'2021-07-02 18:26:27'),(94,65,'2020-06-17 17:13:46'),(94,67,'2020-11-20 16:40:50'),(95,20,'2021-04-26 08:19:12'),(95,91,'2021-01-21 15:49:23'),(95,100,'2021-03-01 18:00:19'),(96,9,'2021-07-02 20:03:48'),(96,20,'2020-07-10 00:46:08'),(96,55,'2020-04-22 10:35:53'),(96,60,'2020-10-27 05:14:29'),(97,22,'2020-02-18 19:35:37'),(97,41,'2020-02-28 07:55:41'),(97,81,'2020-05-19 21:00:54'),(97,99,'2020-07-03 17:14:03'),(99,85,'2020-04-16 14:52:34'),(99,95,'2020-03-20 03:31:48'),(100,19,'2021-06-11 14:12:06');
/*!40000 ALTER TABLE `communities_users` ENABLE KEYS */;
UNLOCK TABLES;

--
-- Table structure for table `friend_requests`
--

DROP TABLE IF EXISTS `friend_requests`;
/*!40101 SET @saved_cs_client     = @@character_set_client */;
/*!50503 SET character_set_client = utf8mb4 */;
CREATE TABLE `friend_requests` (
  `from_user_id` bigint unsigned NOT NULL,
  `to_user_id` bigint unsigned NOT NULL,
  `accepted` tinyint(1) DEFAULT '0',
  PRIMARY KEY (`from_user_id`,`to_user_id`),
  KEY `friend_requests_from_user_id_idx` (`from_user_id`),
  KEY `friend_requests_to_user_id_idx` (`to_user_id`),
  CONSTRAINT `fk_friend_requests_from_user_id` FOREIGN KEY (`from_user_id`) REFERENCES `users` (`id`),
  CONSTRAINT `fk_friend_requests_to_user_id` FOREIGN KEY (`to_user_id`) REFERENCES `users` (`id`),
  CONSTRAINT `sender_not_reciever_check` CHECK ((`from_user_id` <> `to_user_id`))
) ENGINE=InnoDB DEFAULT CHARSET=utf8mb4 COLLATE=utf8mb4_0900_ai_ci;
/*!40101 SET character_set_client = @saved_cs_client */;

--
-- Dumping data for table `friend_requests`
--

LOCK TABLES `friend_requests` WRITE;
/*!40000 ALTER TABLE `friend_requests` DISABLE KEYS */;
INSERT INTO `friend_requests` VALUES (1,53,1),(2,22,1),(3,29,1),(7,91,1),(8,20,0),(10,59,0),(12,62,1),(12,78,0),(13,98,1),(14,3,1),(14,9,0),(14,20,1),(18,45,1),(19,18,0),(19,96,1),(21,77,1),(22,79,1),(24,53,1),(27,9,1),(27,17,1),(27,28,1),(27,46,0),(27,74,1),(31,32,0),(31,37,0),(31,40,1),(31,86,0),(32,100,0),(33,29,1),(34,87,0),(40,84,0),(41,29,1),(41,48,0),(42,64,0),(43,11,0),(43,68,0),(46,70,1),(46,77,1),(47,96,0),(48,4,0),(49,60,0),(49,95,1),(50,27,1),(51,68,0),(51,70,0),(52,10,1),(52,47,0),(52,59,0),(52,62,0),(52,75,0),(52,96,1),(54,90,0),(57,68,0),(57,77,0),(59,55,1),(60,16,1),(61,11,0),(61,99,0),(62,45,1),(63,11,1),(65,62,1),(65,68,1),(66,82,0),(66,83,1),(67,56,0),(68,54,1),(69,48,0),(70,17,0),(70,52,1),(70,82,1),(70,93,0),(71,24,1),(72,7,1),(72,71,1),(74,37,1),(75,20,0),(75,95,0),(75,99,0),(77,30,0),(78,67,1),(80,11,1),(81,41,0),(81,50,0),(81,64,1),(83,100,1),(84,3,0),(85,22,1),(87,20,1),(89,55,1),(89,92,0),(91,41,1),(93,1,1),(93,10,0),(93,94,1),(94,88,0),(95,16,1),(95,38,0),(95,71,1),(97,23,1),(100,11,0);
/*!40000 ALTER TABLE `friend_requests` ENABLE KEYS */;
UNLOCK TABLES;

--
-- Table structure for table `media`
--

DROP TABLE IF EXISTS `media`;
/*!40101 SET @saved_cs_client     = @@character_set_client */;
/*!50503 SET character_set_client = utf8mb4 */;
CREATE TABLE `media` (
  `id` bigint unsigned NOT NULL AUTO_INCREMENT,
  `user_id` bigint unsigned NOT NULL,
  `media_types_id` int unsigned NOT NULL,
  `file_name` varchar(255) DEFAULT NULL COMMENT '/files/folder/img.png',
  `file_size` bigint unsigned DEFAULT NULL,
  `created_at` datetime NOT NULL DEFAULT CURRENT_TIMESTAMP,
  PRIMARY KEY (`id`),
  UNIQUE KEY `id` (`id`),
  KEY `media_types_id` (`media_types_id`),
  KEY `user_id` (`user_id`),
  CONSTRAINT `media_ibfk_1` FOREIGN KEY (`media_types_id`) REFERENCES `media_types` (`id`),
  CONSTRAINT `media_ibfk_2` FOREIGN KEY (`user_id`) REFERENCES `users` (`id`)
) ENGINE=InnoDB AUTO_INCREMENT=151 DEFAULT CHARSET=utf8mb4 COLLATE=utf8mb4_0900_ai_ci;
/*!40101 SET character_set_client = @saved_cs_client */;

--
-- Dumping data for table `media`
--

LOCK TABLES `media` WRITE;
/*!40000 ALTER TABLE `media` DISABLE KEYS */;
INSERT INTO `media` VALUES (1,71,3,'Penatibus.avi',441099,'2020-09-06 12:35:03'),(2,37,4,'ConvallisEgetEleifend.doc',963317,'2020-11-27 14:33:37'),(3,50,4,'JustoPellentesque.mp3',841815,'2020-08-30 18:37:54'),(4,64,4,'VelNislDuis.jpeg',617780,'2020-04-25 01:57:06'),(5,90,2,'InHacHabitasse.mov',200590,'2021-04-06 11:50:13'),(6,26,4,'Cubilia.mp3',406640,'2020-12-10 18:25:28'),(7,83,4,'EgetMassa.txt',609644,'2021-04-04 19:56:03'),(8,36,1,'FaucibusAccumsan.xls',464664,'2021-01-22 01:43:10'),(9,75,3,'NislNuncRhoncus.ppt',287033,'2021-01-23 09:01:43'),(10,28,1,'RisusPraesent.ppt',139684,'2020-10-23 21:56:35'),(11,86,4,'Nunc.avi',773497,'2021-02-28 10:49:59'),(12,64,1,'NisiNamUltrices.mp3',212536,'2021-07-09 22:12:52'),(13,65,3,'SedInterdumVenenatis.avi',865344,'2020-07-14 15:09:45'),(14,71,3,'TristiqueIn.mov',101513,'2021-02-24 14:20:47'),(15,9,3,'In.mp3',820027,'2020-05-07 19:39:45'),(16,74,3,'SuscipitNulla.pdf',610630,'2020-05-31 03:26:45'),(17,3,4,'TurpisEnimBlandit.mov',295250,'2020-02-15 03:39:03'),(18,88,2,'IpsumDolor.txt',5371,'2020-05-01 10:28:43'),(19,25,2,'UtAtDolor.png',830261,'2021-04-13 23:23:22'),(20,86,1,'VulputateUtUltrices.pdf',316431,'2021-01-04 10:31:51'),(21,25,1,'Quisque.mp3',712886,'2020-01-19 04:30:52'),(22,63,4,'Convallis.mp3',959334,'2021-05-05 23:27:16'),(23,47,1,'SemDuis.gif',81875,'2020-11-14 13:30:57'),(24,98,4,'Vel.gif',397512,'2021-03-08 11:24:30'),(25,34,4,'EuEst.avi',122811,'2020-02-12 12:32:55'),(26,43,2,'Nulla.xls',136442,'2020-06-29 02:07:17'),(27,13,2,'Luctus.avi',235995,'2020-09-06 02:56:07'),(28,2,3,'MorbiSem.ppt',458532,'2021-01-19 01:41:57'),(29,59,1,'NuncNisl.xls',906450,'2020-02-17 09:37:35'),(30,59,3,'Erat.mp3',710365,'2020-03-13 04:47:50'),(31,90,1,'AmetTurpis.tiff',618296,'2020-08-26 09:54:06'),(32,70,3,'NibhIn.txt',153330,'2020-08-20 09:44:12'),(33,59,2,'LoremIntegerTincidunt.ppt',809402,'2020-08-23 23:01:21'),(34,96,3,'SuspendissePotentiCras.xls',234,'2021-04-06 02:15:22'),(35,39,3,'ConsequatNullaNisl.mp3',245099,'2020-02-27 17:32:35'),(36,36,1,'OrciMauris.pdf',304965,'2020-08-30 01:22:02'),(37,90,1,'Turpis.jpeg',254577,'2020-06-24 09:46:59'),(38,36,3,'NatoquePenatibus.doc',143828,'2020-03-15 10:14:42'),(39,16,3,'MaurisViverra.doc',394984,'2020-03-26 09:39:18'),(40,68,2,'VitaeMattis.mp3',484178,'2021-02-12 03:05:07'),(41,4,3,'Id.jpeg',964652,'2020-07-08 11:24:16'),(42,38,4,'PedeVenenatisNon.xls',351109,'2020-05-11 12:00:24'),(43,93,3,'InFelis.avi',148123,'2020-09-16 11:14:55'),(44,21,4,'InQuisJusto.ppt',764085,'2021-01-02 23:27:46'),(45,43,4,'AOdioIn.ppt',865761,'2020-11-06 06:20:39'),(46,48,4,'NuncVestibulumAnte.ppt',760711,'2020-01-02 20:13:40'),(47,57,3,'Nibh.ppt',913666,'2020-11-07 23:57:21'),(48,25,3,'Ac.mp3',744651,'2020-06-20 21:46:43'),(49,35,2,'EnimLeoRhoncus.doc',185024,'2020-08-23 06:15:20'),(50,83,3,'Vel.xls',594772,'2020-06-18 09:33:42'),(51,75,3,'In.doc',866251,'2020-06-29 06:19:14'),(52,82,3,'Congue.xls',10406,'2020-11-10 15:27:49'),(53,5,2,'Venenatis.avi',719683,'2020-06-29 08:54:22'),(54,52,3,'DuisConsequat.tiff',632786,'2021-03-18 06:11:46'),(55,30,1,'Mauris.avi',150718,'2021-06-26 14:18:10'),(56,79,1,'NislDuis.xls',612178,'2021-02-15 07:43:00'),(57,14,3,'DuisBibendum.xls',773872,'2020-06-09 06:24:48'),(58,12,4,'DuisAt.xls',730297,'2021-03-11 21:02:50'),(59,12,4,'Justo.ppt',677548,'2020-11-25 09:02:16'),(60,56,2,'VulputateLuctus.xls',969572,'2020-11-06 08:19:10'),(61,95,3,'MattisEgestas.mp3',151541,'2020-01-09 20:06:04'),(62,97,3,'FelisEuSapien.gif',612085,'2020-08-12 07:19:17'),(63,35,2,'InLeo.xls',742815,'2021-02-25 18:01:41'),(64,51,2,'VelLectus.xls',42804,'2020-08-29 00:44:53'),(65,97,1,'Blandit.mp3',905615,'2020-10-13 19:57:41'),(66,54,1,'EtUltricesPosuere.ppt',243727,'2020-08-04 23:46:31'),(67,2,3,'VolutpatEratQuisque.avi',251066,'2020-03-16 13:18:23'),(68,16,1,'Orci.ppt',99808,'2020-02-26 17:24:39'),(69,1,3,'Est.mp3',139099,'2021-06-04 06:51:24'),(70,76,4,'EratQuisqueErat.xls',778302,'2020-07-13 09:13:48'),(71,20,2,'VelAccumsan.avi',30568,'2020-02-14 16:36:48'),(72,90,1,'Mattis.mpeg',578711,'2021-03-20 03:48:28'),(73,88,4,'Sem.jpeg',852311,'2021-05-29 01:11:30'),(74,46,3,'Consequat.txt',954902,'2020-04-08 00:49:49'),(75,58,1,'At.ppt',726960,'2020-01-26 22:19:32'),(76,16,4,'CuraeDonec.avi',278264,'2020-10-03 15:33:17'),(77,79,3,'NullamVarius.txt',597882,'2020-09-03 20:15:14'),(78,30,3,'NonummyIntegerNon.pdf',726662,'2021-04-14 03:47:14'),(79,59,3,'MagnaVulputate.jpeg',158311,'2020-07-27 05:41:36'),(80,46,3,'IaculisJusto.doc',457850,'2020-03-05 04:14:50'),(81,90,4,'UltricesAliquetMaecenas.xls',627713,'2020-04-21 10:35:38'),(82,35,2,'Suspendisse.mpeg',623439,'2020-09-13 01:48:55'),(83,12,1,'Metus.gif',275961,'2020-05-02 23:58:29'),(84,12,2,'Cum.xls',384835,'2020-04-06 20:59:38'),(85,33,4,'DonecSemper.ppt',797223,'2021-01-01 00:55:42'),(86,54,2,'LaciniaEget.doc',75184,'2020-02-20 14:57:07'),(87,92,1,'LuctusEtUltrices.xls',781416,'2020-05-15 17:39:24'),(88,5,3,'Integer.jpeg',698376,'2020-09-13 00:15:02'),(89,52,2,'NullaElitAc.pdf',609931,'2020-01-14 15:41:22'),(90,34,1,'LuctusTincidunt.avi',54968,'2020-07-29 20:36:19'),(91,94,1,'InCongueEtiam.ppt',465343,'2021-05-17 16:16:25'),(92,75,3,'TurpisNec.png',291566,'2020-01-31 07:48:11'),(93,31,3,'Non.tiff',310416,'2021-03-08 15:51:25'),(94,100,2,'BibendumFelis.jpeg',640576,'2020-06-12 23:17:00'),(95,48,2,'IdLigulaSuspendisse.avi',537773,'2021-01-10 12:08:07'),(96,6,2,'QuamSapienVarius.jpeg',924440,'2020-04-15 04:47:14'),(97,22,3,'SapienPlacerat.tiff',840558,'2020-06-09 04:49:30'),(98,6,3,'AtNullaSuspendisse.xls',834259,'2020-06-29 19:23:35'),(99,34,3,'Curae.xls',261416,'2020-09-15 23:07:12'),(100,6,4,'Volutpat.mp3',108378,'2020-04-21 17:48:57'),(101,79,1,'AtTurpis.xls',329147,'2020-11-26 13:39:42'),(102,47,4,'FermentumDonec.mpeg',530926,'2020-08-09 09:19:23'),(103,44,1,'Ac.ppt',631149,'2020-08-13 07:44:12'),(104,73,3,'VelAccumsan.xls',82185,'2020-07-30 14:17:37'),(105,34,2,'In.tiff',158545,'2021-01-08 08:00:13'),(106,38,4,'DisParturientMontes.ppt',996808,'2020-08-04 06:47:53'),(107,52,2,'FaucibusCursus.mp3',821117,'2020-03-28 23:44:34'),(108,96,2,'Quis.xls',344263,'2020-05-09 07:08:05'),(109,23,3,'AmetSapienDignissim.gif',997914,'2020-02-13 10:13:23'),(110,80,2,'LectusVestibulum.doc',713956,'2021-03-24 18:54:28'),(111,99,3,'LigulaPellentesqueUltrices.xls',165655,'2020-03-21 04:05:29'),(112,60,3,'CurabiturInLibero.xls',417534,'2020-02-25 15:16:05'),(113,68,4,'Enim.avi',90096,'2021-05-06 21:19:23'),(114,2,3,'Platea.jpeg',706339,'2020-05-09 01:32:11'),(115,16,2,'ConvallisEget.txt',745076,'2020-07-18 09:38:00'),(116,2,1,'PrimisIn.mov',969922,'2020-10-25 22:28:29'),(117,28,2,'VelNislDuis.tiff',213866,'2020-10-23 04:20:42'),(118,92,4,'EuPede.xls',115164,'2021-04-08 06:01:37'),(119,19,1,'BibendumFelisSed.ppt',870376,'2020-06-29 06:54:21'),(120,30,1,'ConsequatLectus.avi',104652,'2020-02-12 20:58:52'),(121,5,3,'Vestibulum.mov',438263,'2020-07-03 00:47:17'),(122,85,2,'In.doc',511863,'2021-06-26 22:21:48'),(123,52,3,'ImperdietNullam.mpeg',507115,'2020-02-27 09:54:52'),(124,37,4,'MontesNasceturRidiculus.avi',78209,'2020-09-03 13:08:42'),(125,66,4,'EtMagnisDis.mp3',244304,'2021-03-20 10:21:52'),(126,53,2,'VestibulumAliquet.mov',413815,'2021-01-07 03:09:03'),(127,43,2,'Commodo.xls',763827,'2020-07-26 08:03:00'),(128,53,3,'Parturient.xls',801993,'2021-01-23 07:10:03'),(129,42,1,'DuisAliquam.tiff',936481,'2020-05-29 07:08:44'),(130,19,1,'Amet.gif',118792,'2020-10-31 14:24:18'),(131,58,2,'MorbiVelLectus.tiff',377061,'2020-02-19 18:35:01'),(132,7,3,'VelitVivamusVel.xls',242396,'2021-01-21 13:54:18'),(133,59,4,'Ac.doc',701737,'2020-05-19 23:34:37'),(134,61,1,'MiIn.xls',224306,'2020-11-01 23:49:48'),(135,98,2,'Interdum.doc',767230,'2020-06-02 11:12:05'),(136,28,1,'VitaeQuam.mp3',129196,'2020-08-07 22:47:27'),(137,51,3,'LuctusNecMolestie.xls',978720,'2020-02-28 12:14:51'),(138,80,1,'PraesentLectus.pdf',394497,'2021-03-31 08:01:29'),(139,67,4,'Dis.gif',154331,'2021-06-25 10:14:15'),(140,65,3,'PellentesqueUltrices.xls',584368,'2021-03-10 08:50:04'),(141,21,4,'LiberoQuisOrci.ppt',232717,'2021-03-28 20:03:53'),(142,45,3,'OrciMaurisLacinia.avi',389899,'2020-02-26 18:42:11'),(143,43,3,'EgestasMetusAenean.avi',281348,'2020-05-18 14:56:18'),(144,82,4,'VestibulumAnteIpsum.pdf',320467,'2020-06-24 08:16:50'),(145,67,3,'Morbi.mp3',681491,'2020-06-10 07:42:51'),(146,100,4,'AugueVestibulum.ppt',430483,'2021-06-26 07:39:45'),(147,7,4,'NonLectusAliquam.png',875095,'2021-06-18 00:25:02'),(148,15,4,'PurusAliquet.jpeg',733734,'2020-02-20 16:58:23'),(149,21,2,'Augue.avi',687923,'2020-11-28 06:45:11'),(150,82,3,'Sed.png',352917,'2020-09-10 22:10:13');
/*!40000 ALTER TABLE `media` ENABLE KEYS */;
UNLOCK TABLES;

--
-- Table structure for table `media_types`
--

DROP TABLE IF EXISTS `media_types`;
/*!40101 SET @saved_cs_client     = @@character_set_client */;
/*!50503 SET character_set_client = utf8mb4 */;
CREATE TABLE `media_types` (
  `id` int unsigned NOT NULL AUTO_INCREMENT,
  `name` varchar(50) NOT NULL,
  PRIMARY KEY (`id`),
  UNIQUE KEY `name` (`name`)
) ENGINE=InnoDB AUTO_INCREMENT=5 DEFAULT CHARSET=utf8mb4 COLLATE=utf8mb4_0900_ai_ci;
/*!40101 SET character_set_client = @saved_cs_client */;

--
-- Dumping data for table `media_types`
--

LOCK TABLES `media_types` WRITE;
/*!40000 ALTER TABLE `media_types` DISABLE KEYS */;
INSERT INTO `media_types` VALUES (4,'архив'),(3,'документ'),(1,'изображение'),(2,'музыка');
/*!40000 ALTER TABLE `media_types` ENABLE KEYS */;
UNLOCK TABLES;

--
-- Table structure for table `messages`
--

DROP TABLE IF EXISTS `messages`;
/*!40101 SET @saved_cs_client     = @@character_set_client */;
/*!50503 SET character_set_client = utf8mb4 */;
CREATE TABLE `messages` (
  `id` bigint unsigned NOT NULL AUTO_INCREMENT,
  `from_user_id` bigint unsigned NOT NULL,
  `to_user_id` bigint unsigned NOT NULL,
  `txt` text NOT NULL,
  `is_delivered` tinyint(1) DEFAULT '0',
  `created_at` datetime NOT NULL DEFAULT CURRENT_TIMESTAMP,
  `updated_at` datetime DEFAULT CURRENT_TIMESTAMP ON UPDATE CURRENT_TIMESTAMP COMMENT 'Время обновления строки',
  PRIMARY KEY (`id`),
  UNIQUE KEY `id` (`id`),
  KEY `messages_from_user_id_idx` (`from_user_id`),
  KEY `messages_to_user_id_idx` (`to_user_id`),
  CONSTRAINT `fk_messages_from_user_id` FOREIGN KEY (`from_user_id`) REFERENCES `users` (`id`),
  CONSTRAINT `fk_messages_to_user_id` FOREIGN KEY (`to_user_id`) REFERENCES `users` (`id`)
) ENGINE=InnoDB AUTO_INCREMENT=151 DEFAULT CHARSET=utf8mb4 COLLATE=utf8mb4_0900_ai_ci;
/*!40101 SET character_set_client = @saved_cs_client */;

--
-- Dumping data for table `messages`
--

LOCK TABLES `messages` WRITE;
/*!40000 ALTER TABLE `messages` DISABLE KEYS */;
INSERT INTO `messages` VALUES (1,34,3,'Vestibulum ac est lacinia nisi venenatis tristique. Fusce congue, diam id ornare imperdiet, sapien urna pretium nisl, ut volutpat sapien arcu sed augue. Aliquam erat volutpat.',1,'2020-12-02 10:50:02','2021-01-15 07:08:38'),(2,60,2,'Donec diam neque, vestibulum eget, vulputate ut, ultrices vel, augue. Vestibulum ante ipsum primis in faucibus orci luctus et ultrices posuere cubilia Curae; Donec pharetra, magna vestibulum aliquet ultrices, erat tortor sollicitudin mi, sit amet lobortis sapien sapien non mi. Integer ac neque.',1,'2020-07-14 00:57:08',NULL),(3,27,3,'In sagittis dui vel nisl. Duis ac nibh. Fusce lacus purus, aliquet at, feugiat non, pretium quis, lectus.',1,'2021-02-21 23:31:27',NULL),(4,77,4,'In hac habitasse platea dictumst. Morbi vestibulum, velit id pretium iaculis, diam erat fermentum justo, nec condimentum neque sapien placerat ante. Nulla justo.',1,'2021-04-05 11:20:54',NULL),(5,21,5,'Vestibulum quam sapien, varius ut, blandit non, interdum in, ante. Vestibulum ante ipsum primis in faucibus orci luctus et ultrices posuere cubilia Curae; Duis faucibus accumsan odio. Curabitur convallis.',1,'2021-07-07 23:10:13','2021-04-08 22:18:14'),(6,45,5,'In congue. Etiam justo. Etiam pretium iaculis justo.',0,'2021-02-18 00:43:55',NULL),(7,41,3,'Integer ac leo. Pellentesque ultrices mattis odio. Donec vitae nisi.',1,'2020-11-10 22:53:33','2021-04-16 02:29:34'),(8,53,2,'Nullam sit amet turpis elementum ligula vehicula consequat. Morbi a ipsum. Integer a nibh.',1,'2020-08-09 23:18:49','2020-11-09 02:35:02'),(9,30,4,'Praesent blandit. Nam nulla. Integer pede justo, lacinia eget, tincidunt eget, tempus vel, pede.',0,'2020-05-24 19:28:30',NULL),(10,10,2,'In hac habitasse platea dictumst. Etiam faucibus cursus urna. Ut tellus.',1,'2020-01-20 03:14:47',NULL),(11,40,2,'Sed sagittis. Nam congue, risus semper porta volutpat, quam pede lobortis ligula, sit amet eleifend pede libero quis orci. Nullam molestie nibh in lectus.',1,'2021-04-13 03:21:47','2021-01-25 16:45:17'),(12,7,5,'Lorem ipsum dolor sit amet, consectetuer adipiscing elit. Proin risus. Praesent lectus.',1,'2020-02-24 23:19:25','2020-12-03 04:56:47'),(13,8,3,'Curabitur in libero ut massa volutpat convallis. Morbi odio odio, elementum eu, interdum eu, tincidunt in, leo. Maecenas pulvinar lobortis est.',1,'2020-01-06 15:56:28',NULL),(14,25,3,'In congue. Etiam justo. Etiam pretium iaculis justo.',0,'2020-07-10 11:44:28','2020-10-15 08:29:52'),(15,68,5,'In sagittis dui vel nisl. Duis ac nibh. Fusce lacus purus, aliquet at, feugiat non, pretium quis, lectus.',1,'2021-06-25 22:07:58','2021-03-14 02:54:11'),(16,62,1,'Nulla ut erat id mauris vulputate elementum. Nullam varius. Nulla facilisi.',0,'2020-07-12 12:45:34','2021-03-29 05:48:01'),(17,96,4,'Nulla ut erat id mauris vulputate elementum. Nullam varius. Nulla facilisi.',0,'2021-05-12 11:13:10',NULL),(18,73,3,'Maecenas tristique, est et tempus semper, est quam pharetra magna, ac consequat metus sapien ut nunc. Vestibulum ante ipsum primis in faucibus orci luctus et ultrices posuere cubilia Curae; Mauris viverra diam vitae quam. Suspendisse potenti.',1,'2020-06-06 04:10:28',NULL),(19,6,3,'Cras non velit nec nisi vulputate nonummy. Maecenas tincidunt lacus at velit. Vivamus vel nulla eget eros elementum pellentesque.',1,'2020-04-22 03:07:28','2020-08-05 15:37:21'),(20,37,3,'Sed ante. Vivamus tortor. Duis mattis egestas metus.',1,'2020-11-23 16:26:26',NULL),(21,55,5,'Aenean lectus. Pellentesque eget nunc. Donec quis orci eget orci vehicula condimentum.',0,'2020-04-25 02:36:31','2020-11-16 18:39:54'),(22,69,4,'Sed ante. Vivamus tortor. Duis mattis egestas metus.',1,'2021-02-13 02:57:12',NULL),(23,65,4,'Nam ultrices, libero non mattis pulvinar, nulla pede ullamcorper augue, a suscipit nulla elit ac nulla. Sed vel enim sit amet nunc viverra dapibus. Nulla suscipit ligula in lacus.',1,'2021-04-24 23:45:52',NULL),(24,36,5,'Fusce posuere felis sed lacus. Morbi sem mauris, laoreet ut, rhoncus aliquet, pulvinar sed, nisl. Nunc rhoncus dui vel sem.',0,'2020-03-22 11:35:16',NULL),(25,21,3,'Morbi non lectus. Aliquam sit amet diam in magna bibendum imperdiet. Nullam orci pede, venenatis non, sodales sed, tincidunt eu, felis.',1,'2020-04-21 04:46:58','2020-07-23 18:30:44'),(26,59,2,'Cras non velit nec nisi vulputate nonummy. Maecenas tincidunt lacus at velit. Vivamus vel nulla eget eros elementum pellentesque.',1,'2021-05-02 15:28:39',NULL),(27,29,4,'Phasellus sit amet erat. Nulla tempus. Vivamus in felis eu sapien cursus vestibulum.',1,'2020-10-02 07:23:47','2021-01-16 01:02:18'),(28,91,3,'Aenean lectus. Pellentesque eget nunc. Donec quis orci eget orci vehicula condimentum.',0,'2021-01-16 13:50:14','2020-10-24 00:55:19'),(29,70,3,'Vestibulum ac est lacinia nisi venenatis tristique. Fusce congue, diam id ornare imperdiet, sapien urna pretium nisl, ut volutpat sapien arcu sed augue. Aliquam erat volutpat.',1,'2020-03-12 14:26:34',NULL),(30,58,5,'Lorem ipsum dolor sit amet, consectetuer adipiscing elit. Proin risus. Praesent lectus.',0,'2020-05-20 01:36:31','2021-05-28 16:25:53'),(31,94,5,'Sed ante. Vivamus tortor. Duis mattis egestas metus.',1,'2020-08-11 05:41:32',NULL),(32,71,3,'Phasellus sit amet erat. Nulla tempus. Vivamus in felis eu sapien cursus vestibulum.',0,'2020-11-15 18:37:12',NULL),(33,73,3,'Phasellus in felis. Donec semper sapien a libero. Nam dui.',1,'2021-03-23 01:59:21',NULL),(34,88,4,'Aenean fermentum. Donec ut mauris eget massa tempor convallis. Nulla neque libero, convallis eget, eleifend luctus, ultricies eu, nibh.',0,'2020-12-13 17:51:24',NULL),(35,73,2,'Curabitur gravida nisi at nibh. In hac habitasse platea dictumst. Aliquam augue quam, sollicitudin vitae, consectetuer eget, rutrum at, lorem.',1,'2020-05-12 15:59:50',NULL),(36,59,5,'Proin eu mi. Nulla ac enim. In tempor, turpis nec euismod scelerisque, quam turpis adipiscing lorem, vitae mattis nibh ligula nec sem.',1,'2020-03-19 15:05:29',NULL),(37,84,3,'Pellentesque at nulla. Suspendisse potenti. Cras in purus eu magna vulputate luctus.',1,'2021-02-13 07:02:33','2021-05-27 09:23:17'),(38,45,3,'Praesent id massa id nisl venenatis lacinia. Aenean sit amet justo. Morbi ut odio.',1,'2021-05-22 20:40:51',NULL),(39,65,5,'Sed sagittis. Nam congue, risus semper porta volutpat, quam pede lobortis ligula, sit amet eleifend pede libero quis orci. Nullam molestie nibh in lectus.',0,'2020-10-02 13:10:52','2021-06-07 18:55:04'),(40,76,5,'Integer ac leo. Pellentesque ultrices mattis odio. Donec vitae nisi.',0,'2021-03-25 05:20:53',NULL),(41,46,3,'In quis justo. Maecenas rhoncus aliquam lacus. Morbi quis tortor id nulla ultrices aliquet.',1,'2020-06-27 03:12:50',NULL),(42,71,5,'Aenean lectus. Pellentesque eget nunc. Donec quis orci eget orci vehicula condimentum.',0,'2020-04-11 11:12:18','2020-08-31 09:12:56'),(43,68,2,'Nullam sit amet turpis elementum ligula vehicula consequat. Morbi a ipsum. Integer a nibh.',0,'2021-05-29 22:08:07',NULL),(44,81,1,'Maecenas leo odio, condimentum id, luctus nec, molestie sed, justo. Pellentesque viverra pede ac diam. Cras pellentesque volutpat dui.',0,'2020-09-21 04:04:51','2020-12-14 00:18:21'),(45,82,3,'Sed sagittis. Nam congue, risus semper porta volutpat, quam pede lobortis ligula, sit amet eleifend pede libero quis orci. Nullam molestie nibh in lectus.',1,'2020-02-11 01:29:35',NULL),(46,28,5,'Quisque porta volutpat erat. Quisque erat eros, viverra eget, congue eget, semper rutrum, nulla. Nunc purus.',0,'2020-08-12 06:21:40','2020-11-13 01:04:39'),(47,86,3,'Donec diam neque, vestibulum eget, vulputate ut, ultrices vel, augue. Vestibulum ante ipsum primis in faucibus orci luctus et ultrices posuere cubilia Curae; Donec pharetra, magna vestibulum aliquet ultrices, erat tortor sollicitudin mi, sit amet lobortis sapien sapien non mi. Integer ac neque.',1,'2020-04-18 11:47:35','2020-08-23 20:11:39'),(48,12,5,'In hac habitasse platea dictumst. Morbi vestibulum, velit id pretium iaculis, diam erat fermentum justo, nec condimentum neque sapien placerat ante. Nulla justo.',0,'2021-03-22 04:01:16',NULL),(49,32,4,'Duis bibendum, felis sed interdum venenatis, turpis enim blandit mi, in porttitor pede justo eu massa. Donec dapibus. Duis at velit eu est congue elementum.',0,'2020-08-06 11:54:53',NULL),(50,90,1,'Mauris enim leo, rhoncus sed, vestibulum sit amet, cursus id, turpis. Integer aliquet, massa id lobortis convallis, tortor risus dapibus augue, vel accumsan tellus nisi eu orci. Mauris lacinia sapien quis libero.',0,'2021-04-30 05:51:51','2021-05-14 15:14:19'),(51,64,2,'Morbi porttitor lorem id ligula. Suspendisse ornare consequat lectus. In est risus, auctor sed, tristique in, tempus sit amet, sem.',0,'2020-07-09 22:12:18',NULL),(52,78,2,'In sagittis dui vel nisl. Duis ac nibh. Fusce lacus purus, aliquet at, feugiat non, pretium quis, lectus.',0,'2021-03-02 22:36:57','2021-04-18 04:04:53'),(53,96,4,'Etiam vel augue. Vestibulum rutrum rutrum neque. Aenean auctor gravida sem.',1,'2020-09-10 08:11:33','2021-01-13 18:53:37'),(54,38,4,'Phasellus in felis. Donec semper sapien a libero. Nam dui.',0,'2020-08-30 04:39:10',NULL),(55,70,2,'Integer ac leo. Pellentesque ultrices mattis odio. Donec vitae nisi.',1,'2020-11-30 20:50:44','2021-07-11 15:02:33'),(56,38,5,'Suspendisse potenti. In eleifend quam a odio. In hac habitasse platea dictumst.',0,'2020-10-07 13:48:33','2021-04-26 12:01:31'),(57,64,1,'Proin eu mi. Nulla ac enim. In tempor, turpis nec euismod scelerisque, quam turpis adipiscing lorem, vitae mattis nibh ligula nec sem.',1,'2020-02-15 03:56:18','2021-03-07 10:42:48'),(58,61,3,'Aliquam quis turpis eget elit sodales scelerisque. Mauris sit amet eros. Suspendisse accumsan tortor quis turpis.',0,'2020-12-31 22:40:41','2021-01-01 03:57:17'),(59,30,2,'Etiam vel augue. Vestibulum rutrum rutrum neque. Aenean auctor gravida sem.',0,'2020-04-26 04:48:54','2020-10-10 05:01:44'),(60,48,1,'Praesent id massa id nisl venenatis lacinia. Aenean sit amet justo. Morbi ut odio.',1,'2021-05-05 10:03:39','2020-12-13 13:32:10'),(61,73,3,'Maecenas tristique, est et tempus semper, est quam pharetra magna, ac consequat metus sapien ut nunc. Vestibulum ante ipsum primis in faucibus orci luctus et ultrices posuere cubilia Curae; Mauris viverra diam vitae quam. Suspendisse potenti.',0,'2020-08-27 03:11:52','2021-02-22 16:05:29'),(62,32,2,'Fusce consequat. Nulla nisl. Nunc nisl.',0,'2021-06-13 21:46:21',NULL),(63,17,4,'Duis bibendum. Morbi non quam nec dui luctus rutrum. Nulla tellus.',1,'2021-06-24 03:40:30','2021-06-12 23:53:08'),(64,20,2,'Duis bibendum. Morbi non quam nec dui luctus rutrum. Nulla tellus.',1,'2020-12-21 21:16:37',NULL),(65,39,1,'Nullam sit amet turpis elementum ligula vehicula consequat. Morbi a ipsum. Integer a nibh.',0,'2021-01-22 06:21:18','2021-05-29 22:13:26'),(66,94,5,'Integer tincidunt ante vel ipsum. Praesent blandit lacinia erat. Vestibulum sed magna at nunc commodo placerat.',0,'2021-03-15 13:23:26',NULL),(67,9,3,'In sagittis dui vel nisl. Duis ac nibh. Fusce lacus purus, aliquet at, feugiat non, pretium quis, lectus.',1,'2021-04-24 02:44:01',NULL),(68,61,3,'Fusce posuere felis sed lacus. Morbi sem mauris, laoreet ut, rhoncus aliquet, pulvinar sed, nisl. Nunc rhoncus dui vel sem.',0,'2020-05-24 19:29:15',NULL),(69,51,5,'In congue. Etiam justo. Etiam pretium iaculis justo.',0,'2021-02-07 16:30:44',NULL),(70,33,1,'Duis bibendum. Morbi non quam nec dui luctus rutrum. Nulla tellus.',1,'2020-02-10 19:17:42',NULL),(71,64,1,'Aliquam quis turpis eget elit sodales scelerisque. Mauris sit amet eros. Suspendisse accumsan tortor quis turpis.',1,'2020-06-19 10:51:30','2021-06-18 20:41:22'),(72,66,4,'Aenean lectus. Pellentesque eget nunc. Donec quis orci eget orci vehicula condimentum.',0,'2021-01-05 19:36:51',NULL),(73,70,5,'Lorem ipsum dolor sit amet, consectetuer adipiscing elit. Proin risus. Praesent lectus.',0,'2020-07-21 13:08:35',NULL),(74,67,5,'Sed ante. Vivamus tortor. Duis mattis egestas metus.',1,'2020-05-25 01:15:03','2020-11-29 14:39:21'),(75,85,3,'In quis justo. Maecenas rhoncus aliquam lacus. Morbi quis tortor id nulla ultrices aliquet.',0,'2021-02-06 00:37:45',NULL),(76,2,3,'Quisque id justo sit amet sapien dignissim vestibulum. Vestibulum ante ipsum primis in faucibus orci luctus et ultrices posuere cubilia Curae; Nulla dapibus dolor vel est. Donec odio justo, sollicitudin ut, suscipit a, feugiat et, eros.',1,'2020-04-26 01:18:44','2020-12-09 22:53:48'),(77,99,4,'Proin leo odio, porttitor id, consequat in, consequat ut, nulla. Sed accumsan felis. Ut at dolor quis odio consequat varius.',0,'2020-04-25 03:08:58','2021-06-20 16:08:41'),(78,62,2,'In sagittis dui vel nisl. Duis ac nibh. Fusce lacus purus, aliquet at, feugiat non, pretium quis, lectus.',0,'2020-11-19 02:05:08',NULL),(79,84,2,'In hac habitasse platea dictumst. Etiam faucibus cursus urna. Ut tellus.',1,'2021-01-11 15:11:56','2020-07-27 07:04:14'),(80,12,1,'Suspendisse potenti. In eleifend quam a odio. In hac habitasse platea dictumst.',1,'2020-12-21 17:51:19','2020-08-26 11:53:41'),(81,28,2,'Cum sociis natoque penatibus et magnis dis parturient montes, nascetur ridiculus mus. Vivamus vestibulum sagittis sapien. Cum sociis natoque penatibus et magnis dis parturient montes, nascetur ridiculus mus.',1,'2020-10-10 22:52:49',NULL),(82,40,2,'In sagittis dui vel nisl. Duis ac nibh. Fusce lacus purus, aliquet at, feugiat non, pretium quis, lectus.',1,'2021-02-22 11:01:52','2020-10-05 18:11:35'),(83,94,5,'Duis bibendum, felis sed interdum venenatis, turpis enim blandit mi, in porttitor pede justo eu massa. Donec dapibus. Duis at velit eu est congue elementum.',1,'2021-04-07 21:32:50','2021-02-18 17:13:25'),(84,65,4,'Quisque id justo sit amet sapien dignissim vestibulum. Vestibulum ante ipsum primis in faucibus orci luctus et ultrices posuere cubilia Curae; Nulla dapibus dolor vel est. Donec odio justo, sollicitudin ut, suscipit a, feugiat et, eros.',1,'2020-04-30 16:14:04',NULL),(85,92,3,'Sed sagittis. Nam congue, risus semper porta volutpat, quam pede lobortis ligula, sit amet eleifend pede libero quis orci. Nullam molestie nibh in lectus.',1,'2020-01-29 03:09:19',NULL),(86,16,4,'In congue. Etiam justo. Etiam pretium iaculis justo.',1,'2021-03-11 04:55:31','2021-06-07 11:55:32'),(87,9,3,'Cum sociis natoque penatibus et magnis dis parturient montes, nascetur ridiculus mus. Vivamus vestibulum sagittis sapien. Cum sociis natoque penatibus et magnis dis parturient montes, nascetur ridiculus mus.',1,'2020-02-23 15:52:16',NULL),(88,9,5,'Cum sociis natoque penatibus et magnis dis parturient montes, nascetur ridiculus mus. Vivamus vestibulum sagittis sapien. Cum sociis natoque penatibus et magnis dis parturient montes, nascetur ridiculus mus.',0,'2020-08-08 12:49:30','2020-10-17 05:09:34'),(89,83,2,'Phasellus sit amet erat. Nulla tempus. Vivamus in felis eu sapien cursus vestibulum.',1,'2021-04-16 00:16:56',NULL),(90,66,5,'Integer tincidunt ante vel ipsum. Praesent blandit lacinia erat. Vestibulum sed magna at nunc commodo placerat.',1,'2020-05-17 23:11:52','2021-03-26 02:57:52'),(91,99,5,'Curabitur in libero ut massa volutpat convallis. Morbi odio odio, elementum eu, interdum eu, tincidunt in, leo. Maecenas pulvinar lobortis est.',1,'2020-03-24 15:31:26',NULL),(92,39,4,'Pellentesque at nulla. Suspendisse potenti. Cras in purus eu magna vulputate luctus.',1,'2020-10-29 23:47:28',NULL),(93,49,5,'Praesent blandit. Nam nulla. Integer pede justo, lacinia eget, tincidunt eget, tempus vel, pede.',1,'2021-04-24 22:48:20',NULL),(94,2,3,'Sed ante. Vivamus tortor. Duis mattis egestas metus.',0,'2021-04-04 10:56:28',NULL),(95,17,2,'Vestibulum ac est lacinia nisi venenatis tristique. Fusce congue, diam id ornare imperdiet, sapien urna pretium nisl, ut volutpat sapien arcu sed augue. Aliquam erat volutpat.',0,'2020-03-15 08:30:22',NULL),(96,2,4,'Quisque porta volutpat erat. Quisque erat eros, viverra eget, congue eget, semper rutrum, nulla. Nunc purus.',0,'2020-04-15 01:25:38','2020-08-31 22:44:00'),(97,10,4,'Integer ac leo. Pellentesque ultrices mattis odio. Donec vitae nisi.',1,'2020-10-02 11:13:39',NULL),(98,10,2,'Nullam porttitor lacus at turpis. Donec posuere metus vitae ipsum. Aliquam non mauris.',0,'2020-01-22 12:21:06','2020-11-03 01:34:12'),(99,92,2,'Quisque id justo sit amet sapien dignissim vestibulum. Vestibulum ante ipsum primis in faucibus orci luctus et ultrices posuere cubilia Curae; Nulla dapibus dolor vel est. Donec odio justo, sollicitudin ut, suscipit a, feugiat et, eros.',1,'2021-02-20 14:08:40',NULL),(100,60,3,'Duis bibendum. Morbi non quam nec dui luctus rutrum. Nulla tellus.',0,'2021-02-15 07:53:15','2021-01-26 19:19:55'),(101,65,5,'Aenean lectus. Pellentesque eget nunc. Donec quis orci eget orci vehicula condimentum.',1,'2020-03-04 01:14:44','2021-05-21 09:48:47'),(102,15,2,'Maecenas ut massa quis augue luctus tincidunt. Nulla mollis molestie lorem. Quisque ut erat.',0,'2021-03-13 11:48:40','2021-04-26 10:14:53'),(103,23,1,'Lorem ipsum dolor sit amet, consectetuer adipiscing elit. Proin risus. Praesent lectus.',0,'2020-12-07 10:15:32','2021-04-15 05:06:03'),(104,97,5,'Maecenas leo odio, condimentum id, luctus nec, molestie sed, justo. Pellentesque viverra pede ac diam. Cras pellentesque volutpat dui.',1,'2020-04-14 15:32:34','2021-06-13 18:52:38'),(105,98,1,'Phasellus in felis. Donec semper sapien a libero. Nam dui.',1,'2020-09-15 22:42:04','2021-04-04 10:23:54'),(106,7,5,'Pellentesque at nulla. Suspendisse potenti. Cras in purus eu magna vulputate luctus.',0,'2021-06-28 19:59:44','2021-04-17 20:20:58'),(107,32,1,'Praesent blandit. Nam nulla. Integer pede justo, lacinia eget, tincidunt eget, tempus vel, pede.',0,'2021-01-28 01:27:55',NULL),(108,80,3,'Lorem ipsum dolor sit amet, consectetuer adipiscing elit. Proin risus. Praesent lectus.',0,'2020-05-13 04:09:39',NULL),(109,40,4,'Cras mi pede, malesuada in, imperdiet et, commodo vulputate, justo. In blandit ultrices enim. Lorem ipsum dolor sit amet, consectetuer adipiscing elit.',1,'2020-06-03 11:04:56','2021-04-08 15:03:50'),(110,70,5,'Duis aliquam convallis nunc. Proin at turpis a pede posuere nonummy. Integer non velit.',1,'2020-03-19 01:10:49',NULL),(111,80,4,'Proin eu mi. Nulla ac enim. In tempor, turpis nec euismod scelerisque, quam turpis adipiscing lorem, vitae mattis nibh ligula nec sem.',1,'2020-03-11 10:04:08',NULL),(112,12,2,'Integer tincidunt ante vel ipsum. Praesent blandit lacinia erat. Vestibulum sed magna at nunc commodo placerat.',1,'2021-02-26 16:12:14','2021-04-15 19:03:17'),(113,70,2,'Lorem ipsum dolor sit amet, consectetuer adipiscing elit. Proin risus. Praesent lectus.',0,'2021-04-30 22:28:50','2021-05-19 17:56:28'),(114,2,2,'In sagittis dui vel nisl. Duis ac nibh. Fusce lacus purus, aliquet at, feugiat non, pretium quis, lectus.',1,'2020-03-03 10:11:34','2021-01-28 16:26:21'),(115,28,2,'Maecenas tristique, est et tempus semper, est quam pharetra magna, ac consequat metus sapien ut nunc. Vestibulum ante ipsum primis in faucibus orci luctus et ultrices posuere cubilia Curae; Mauris viverra diam vitae quam. Suspendisse potenti.',1,'2020-06-23 09:32:23','2021-07-04 01:51:01'),(116,37,4,'Vestibulum quam sapien, varius ut, blandit non, interdum in, ante. Vestibulum ante ipsum primis in faucibus orci luctus et ultrices posuere cubilia Curae; Duis faucibus accumsan odio. Curabitur convallis.',0,'2021-01-28 22:59:28',NULL),(117,4,3,'Cras non velit nec nisi vulputate nonummy. Maecenas tincidunt lacus at velit. Vivamus vel nulla eget eros elementum pellentesque.',0,'2020-01-08 00:06:59','2021-05-05 20:44:03'),(118,34,1,'Maecenas tristique, est et tempus semper, est quam pharetra magna, ac consequat metus sapien ut nunc. Vestibulum ante ipsum primis in faucibus orci luctus et ultrices posuere cubilia Curae; Mauris viverra diam vitae quam. Suspendisse potenti.',1,'2021-02-24 17:30:14',NULL),(119,39,3,'Cum sociis natoque penatibus et magnis dis parturient montes, nascetur ridiculus mus. Vivamus vestibulum sagittis sapien. Cum sociis natoque penatibus et magnis dis parturient montes, nascetur ridiculus mus.',0,'2021-02-24 17:02:36',NULL),(120,35,4,'Cum sociis natoque penatibus et magnis dis parturient montes, nascetur ridiculus mus. Vivamus vestibulum sagittis sapien. Cum sociis natoque penatibus et magnis dis parturient montes, nascetur ridiculus mus.',0,'2021-03-27 06:29:12','2020-12-09 22:38:25'),(121,73,4,'In quis justo. Maecenas rhoncus aliquam lacus. Morbi quis tortor id nulla ultrices aliquet.',1,'2020-08-23 07:17:13',NULL),(122,64,4,'Lorem ipsum dolor sit amet, consectetuer adipiscing elit. Proin risus. Praesent lectus.',1,'2021-05-29 21:41:36','2020-08-04 23:20:43'),(123,63,3,'Praesent id massa id nisl venenatis lacinia. Aenean sit amet justo. Morbi ut odio.',0,'2021-03-18 15:48:52','2021-01-21 17:42:00'),(124,13,2,'Phasellus in felis. Donec semper sapien a libero. Nam dui.',0,'2020-04-29 04:51:08','2021-07-06 01:11:01'),(125,26,4,'Duis aliquam convallis nunc. Proin at turpis a pede posuere nonummy. Integer non velit.',1,'2020-04-21 21:17:12',NULL),(126,55,5,'Aenean fermentum. Donec ut mauris eget massa tempor convallis. Nulla neque libero, convallis eget, eleifend luctus, ultricies eu, nibh.',1,'2020-01-28 13:58:11','2021-04-11 09:52:34'),(127,67,1,'Cras non velit nec nisi vulputate nonummy. Maecenas tincidunt lacus at velit. Vivamus vel nulla eget eros elementum pellentesque.',1,'2020-10-30 13:34:56',NULL),(128,86,4,'Quisque id justo sit amet sapien dignissim vestibulum. Vestibulum ante ipsum primis in faucibus orci luctus et ultrices posuere cubilia Curae; Nulla dapibus dolor vel est. Donec odio justo, sollicitudin ut, suscipit a, feugiat et, eros.',0,'2020-08-21 09:47:27','2020-07-27 16:10:24'),(129,17,4,'Donec diam neque, vestibulum eget, vulputate ut, ultrices vel, augue. Vestibulum ante ipsum primis in faucibus orci luctus et ultrices posuere cubilia Curae; Donec pharetra, magna vestibulum aliquet ultrices, erat tortor sollicitudin mi, sit amet lobortis sapien sapien non mi. Integer ac neque.',0,'2020-05-09 03:06:14','2021-04-26 07:53:38'),(130,59,1,'Proin leo odio, porttitor id, consequat in, consequat ut, nulla. Sed accumsan felis. Ut at dolor quis odio consequat varius.',1,'2020-03-04 19:10:03',NULL),(131,33,4,'Pellentesque at nulla. Suspendisse potenti. Cras in purus eu magna vulputate luctus.',1,'2020-10-14 02:32:23',NULL),(132,74,2,'Integer ac leo. Pellentesque ultrices mattis odio. Donec vitae nisi.',1,'2020-09-09 05:19:02',NULL),(133,3,4,'Cum sociis natoque penatibus et magnis dis parturient montes, nascetur ridiculus mus. Vivamus vestibulum sagittis sapien. Cum sociis natoque penatibus et magnis dis parturient montes, nascetur ridiculus mus.',0,'2020-08-04 16:12:43','2021-01-25 07:42:13'),(134,81,1,'Fusce consequat. Nulla nisl. Nunc nisl.',0,'2020-08-10 13:45:57',NULL),(135,34,5,'Proin interdum mauris non ligula pellentesque ultrices. Phasellus id sapien in sapien iaculis congue. Vivamus metus arcu, adipiscing molestie, hendrerit at, vulputate vitae, nisl.',0,'2020-10-01 12:22:12',NULL),(136,1,5,'Morbi porttitor lorem id ligula. Suspendisse ornare consequat lectus. In est risus, auctor sed, tristique in, tempus sit amet, sem.',1,'2020-08-31 09:07:35',NULL),(137,22,1,'Sed ante. Vivamus tortor. Duis mattis egestas metus.',0,'2020-04-07 11:21:49',NULL),(138,81,2,'Vestibulum ac est lacinia nisi venenatis tristique. Fusce congue, diam id ornare imperdiet, sapien urna pretium nisl, ut volutpat sapien arcu sed augue. Aliquam erat volutpat.',1,'2020-12-09 15:06:04','2021-05-12 17:00:51'),(139,75,1,'Morbi non lectus. Aliquam sit amet diam in magna bibendum imperdiet. Nullam orci pede, venenatis non, sodales sed, tincidunt eu, felis.',1,'2020-05-13 09:12:46',NULL),(140,18,5,'Cras mi pede, malesuada in, imperdiet et, commodo vulputate, justo. In blandit ultrices enim. Lorem ipsum dolor sit amet, consectetuer adipiscing elit.',0,'2020-07-17 05:27:27','2020-12-31 22:40:53'),(141,64,2,'Proin eu mi. Nulla ac enim. In tempor, turpis nec euismod scelerisque, quam turpis adipiscing lorem, vitae mattis nibh ligula nec sem.',0,'2020-12-21 12:14:19','2020-09-03 13:33:49'),(142,98,4,'Aliquam quis turpis eget elit sodales scelerisque. Mauris sit amet eros. Suspendisse accumsan tortor quis turpis.',0,'2020-08-01 16:53:07',NULL),(143,48,2,'Curabitur gravida nisi at nibh. In hac habitasse platea dictumst. Aliquam augue quam, sollicitudin vitae, consectetuer eget, rutrum at, lorem.',1,'2020-01-11 00:55:17',NULL),(144,98,3,'Morbi porttitor lorem id ligula. Suspendisse ornare consequat lectus. In est risus, auctor sed, tristique in, tempus sit amet, sem.',1,'2020-03-17 22:05:24',NULL),(145,52,1,'Donec diam neque, vestibulum eget, vulputate ut, ultrices vel, augue. Vestibulum ante ipsum primis in faucibus orci luctus et ultrices posuere cubilia Curae; Donec pharetra, magna vestibulum aliquet ultrices, erat tortor sollicitudin mi, sit amet lobortis sapien sapien non mi. Integer ac neque.',1,'2021-01-24 23:07:01',NULL),(146,95,4,'Duis consequat dui nec nisi volutpat eleifend. Donec ut dolor. Morbi vel lectus in quam fringilla rhoncus.',0,'2020-01-02 23:04:24','2021-04-05 15:38:26'),(147,43,1,'Suspendisse potenti. In eleifend quam a odio. In hac habitasse platea dictumst.',1,'2021-06-24 02:54:39','2021-05-24 09:32:05'),(148,66,1,'Pellentesque at nulla. Suspendisse potenti. Cras in purus eu magna vulputate luctus.',0,'2020-12-20 17:39:52',NULL),(149,73,3,'Curabitur at ipsum ac tellus semper interdum. Mauris ullamcorper purus sit amet nulla. Quisque arcu libero, rutrum ac, lobortis vel, dapibus at, diam.',0,'2020-11-24 02:34:51','2020-09-04 08:02:19'),(150,5,3,'Sed sagittis. Nam congue, risus semper porta volutpat, quam pede lobortis ligula, sit amet eleifend pede libero quis orci. Nullam molestie nibh in lectus.',0,'2021-03-14 23:02:00','2021-05-15 22:04:52');
/*!40000 ALTER TABLE `messages` ENABLE KEYS */;
UNLOCK TABLES;

--
-- Table structure for table `posts`
--

DROP TABLE IF EXISTS `posts`;
/*!40101 SET @saved_cs_client     = @@character_set_client */;
/*!50503 SET character_set_client = utf8mb4 */;
CREATE TABLE `posts` (
  `id` bigint unsigned NOT NULL AUTO_INCREMENT,
  `user_id` bigint unsigned NOT NULL,
  `txt` text NOT NULL,
  `created_at` datetime DEFAULT CURRENT_TIMESTAMP,
  `updated_at` datetime DEFAULT NULL ON UPDATE CURRENT_TIMESTAMP,
  PRIMARY KEY (`id`),
  KEY `user_idx` (`user_id`),
  CONSTRAINT `user_posts_fk` FOREIGN KEY (`user_id`) REFERENCES `users` (`id`)
) ENGINE=InnoDB DEFAULT CHARSET=utf8mb4 COLLATE=utf8mb4_0900_ai_ci;
/*!40101 SET character_set_client = @saved_cs_client */;

--
-- Dumping data for table `posts`
--

LOCK TABLES `posts` WRITE;
/*!40000 ALTER TABLE `posts` DISABLE KEYS */;
/*!40000 ALTER TABLE `posts` ENABLE KEYS */;
UNLOCK TABLES;

--
-- Table structure for table `posts_likes`
--

DROP TABLE IF EXISTS `posts_likes`;
/*!40101 SET @saved_cs_client     = @@character_set_client */;
/*!50503 SET character_set_client = utf8mb4 */;
CREATE TABLE `posts_likes` (
  `post_id` bigint unsigned NOT NULL,
  `user_id` bigint unsigned NOT NULL,
  `like_type` tinyint(1) DEFAULT '1',
  PRIMARY KEY (`post_id`,`user_id`),
  KEY `post_idx` (`post_id`),
  KEY `user_idx` (`user_id`),
  CONSTRAINT `posts_likes_fk` FOREIGN KEY (`post_id`) REFERENCES `posts` (`id`),
  CONSTRAINT `users_likes_fk` FOREIGN KEY (`user_id`) REFERENCES `users` (`id`)
) ENGINE=InnoDB DEFAULT CHARSET=utf8mb4 COLLATE=utf8mb4_0900_ai_ci;
/*!40101 SET character_set_client = @saved_cs_client */;

--
-- Dumping data for table `posts_likes`
--

LOCK TABLES `posts_likes` WRITE;
/*!40000 ALTER TABLE `posts_likes` DISABLE KEYS */;
/*!40000 ALTER TABLE `posts_likes` ENABLE KEYS */;
UNLOCK TABLES;

--
-- Table structure for table `profiles`
--

DROP TABLE IF EXISTS `profiles`;
/*!40101 SET @saved_cs_client     = @@character_set_client */;
/*!50503 SET character_set_client = utf8mb4 */;
CREATE TABLE `profiles` (
  `user_id` bigint unsigned NOT NULL,
  `gender` enum('f','m','x') NOT NULL,
  `birthday` date NOT NULL,
  `photo_id` bigint unsigned DEFAULT NULL,
  `city` varchar(130) DEFAULT NULL,
  `country` varchar(130) DEFAULT NULL,
  PRIMARY KEY (`user_id`),
  KEY `fk_profiles_media` (`photo_id`),
  CONSTRAINT `fk_profiles_media` FOREIGN KEY (`photo_id`) REFERENCES `media` (`id`),
  CONSTRAINT `profiles_ibfk_1` FOREIGN KEY (`user_id`) REFERENCES `users` (`id`)
) ENGINE=InnoDB DEFAULT CHARSET=utf8mb4 COLLATE=utf8mb4_0900_ai_ci;
/*!40101 SET character_set_client = @saved_cs_client */;

--
-- Dumping data for table `profiles`
--

LOCK TABLES `profiles` WRITE;
/*!40000 ALTER TABLE `profiles` DISABLE KEYS */;
INSERT INTO `profiles` VALUES (1,'m','2011-09-10',NULL,'Bagacay','Philippines'),(2,'m','2018-11-04',NULL,'Obong','Philippines'),(3,'f','2017-02-10',NULL,'Luanshya','Zambia'),(4,'f','2005-12-20',NULL,'Independencia','Mexico'),(5,'m','1987-04-01',NULL,'Kinzan','South Korea'),(6,'f','1983-08-14',NULL,'Hamhŭng','North Korea'),(7,'f','1982-02-20',NULL,'Caoyan','China'),(8,'m','1993-07-18',NULL,'Cao Thượng','Vietnam'),(9,'f','2017-01-26',NULL,NULL,NULL),(10,'f','2013-08-09',NULL,NULL,'Portugal'),(11,'f','1988-10-08',NULL,'Brzeźnica','Poland'),(12,'m','2015-12-07',NULL,'Khanabad',NULL),(13,'f','1988-07-14',NULL,'Ningde','China'),(14,'f','2016-03-28',NULL,NULL,'Venezuela'),(15,'m','2013-05-08',NULL,'Xiapu','China'),(16,'f','2004-01-14',NULL,'Obala','Cameroon'),(17,'f','1996-09-24',NULL,'Ishioka','Japan'),(18,'m','2018-11-03',NULL,'Thạnh Hóa','Vietnam'),(19,'m','2017-01-17',NULL,'Kamru','China'),(20,'m','2008-08-01',NULL,NULL,'Slovenia'),(21,'f','1986-04-03',NULL,'Nuwara Eliya','Sri Lanka'),(22,'m','1980-09-02',NULL,'San Antonio','Honduras'),(23,'m','2018-01-26',NULL,'Wingham','Canada'),(24,'m','2005-03-02',NULL,'Bobrov','Russia'),(25,'f','1986-05-22',NULL,'Dongxi','China'),(26,'f','2002-10-30',NULL,'Xiaomian','China'),(27,'m','1988-10-11',NULL,'Stąporków','Poland'),(28,'f','2019-11-16',NULL,'Otuke',NULL),(29,'m','2010-01-11',NULL,'Figueiró dos Vinhos','Portugal'),(30,'f','1986-12-08',NULL,'Yangju','South Korea'),(31,'m','1983-06-13',NULL,'Bor Tungge','China'),(32,'m','1991-10-05',NULL,'Cihaladan','Indonesia'),(33,'f','2014-04-01',NULL,'Langsepan','Indonesia'),(34,'f','1999-08-11',NULL,'Alderetes','Argentina'),(35,'f','2001-10-14',NULL,'Kutamangu',NULL),(36,'m','1997-12-28',NULL,'Changsha',NULL),(37,'m','2013-01-30',NULL,'Duwakbuter','Indonesia'),(38,'m','1998-04-22',NULL,'El Calafate','Argentina'),(39,'f','1999-08-16',NULL,NULL,NULL),(40,'f','2012-01-12',NULL,'Klang','Malaysia'),(41,'m','2005-08-25',NULL,'Mingzhong','China'),(42,'m','2008-12-15',NULL,'Beberon','Philippines'),(43,'m','2008-10-10',NULL,'Bintuni','Indonesia'),(44,'m','2016-01-19',NULL,'Suban Jeriji','Indonesia'),(45,'f','2002-04-13',NULL,NULL,'China'),(46,'f','1996-08-27',NULL,'Taibai','China'),(47,'f','2010-09-03',NULL,'Rennes',NULL),(48,'f','2017-01-21',NULL,'Strasbourg','France'),(49,'m','1997-12-15',NULL,'Baratleke','Indonesia'),(50,'f','1999-04-04',NULL,'Las Tejerías','Venezuela'),(51,'m','1994-02-20',NULL,'Chirpan','Bulgaria'),(52,'m','1998-08-07',NULL,'Suzëmka','Russia'),(53,'f','1994-07-06',NULL,'Sanshengyuan',NULL),(54,'m','1991-02-13',NULL,'Singasari','Indonesia'),(55,'f','1990-01-22',NULL,'Hobo','Colombia'),(56,'m','1987-10-29',NULL,'Napu','Indonesia'),(57,'f','1982-08-01',NULL,'Néa Plágia',NULL),(58,'m','1989-05-13',NULL,'Debrecen','Hungary'),(59,'m','1980-09-11',NULL,'Saint Louis','United States'),(60,'m','1987-02-14',NULL,'Pasadena','United States'),(61,'m','1992-10-10',NULL,'Sanxing','China'),(62,'f','1999-05-14',NULL,'Lesogorsk','Russia'),(63,'m','1989-03-09',NULL,NULL,NULL),(64,'m','2002-11-30',NULL,NULL,'Laos'),(65,'f','2010-02-28',NULL,'Pandan','Philippines'),(66,'m','2007-03-08',NULL,'Chengbei','China'),(67,'f','2009-03-19',NULL,'Skópelos','Greece'),(68,'m','2010-09-01',NULL,'Sainte-Anne-des-Monts',NULL),(69,'m','1990-12-07',NULL,NULL,NULL),(70,'f','1994-03-03',NULL,'El Guapinol',NULL),(71,'f','1986-12-01',NULL,'Eskilstuna',NULL),(72,'f','2010-07-21',NULL,'Pervomayskaya','Russia'),(73,'f','2008-11-22',NULL,'Chiquinquirá',NULL),(74,'f','2011-08-15',NULL,'Xijiang','China'),(75,'f','2002-04-19',NULL,'Motrico','Philippines'),(76,'f','1992-04-26',NULL,'Zharkovskiy','Russia'),(77,'m','2011-04-05',NULL,'Shenavan','Armenia'),(78,'f','1991-08-01',NULL,'Cannes','France'),(79,'m','1991-05-26',NULL,'Kai','Afghanistan'),(80,'m','2006-10-12',NULL,'Tupesy','Czech Republic'),(81,'m','1995-03-02',NULL,'Koga','Japan'),(82,'m','2020-06-24',NULL,'Zyablikovo','Russia'),(83,'f','1983-04-09',NULL,NULL,'Indonesia'),(84,'m','1997-12-26',NULL,'São Leopoldo','Brazil'),(85,'m','1989-05-25',NULL,'Pag','Croatia'),(86,'m','1990-08-25',NULL,'Curug',NULL),(87,'f','2018-07-05',NULL,'San Jose','United States'),(88,'f','2015-06-28',NULL,NULL,'China'),(89,'m','1992-10-19',NULL,'Alquízar','Cuba'),(90,'m','1984-04-11',NULL,'Watrous','Canada'),(91,'m','1984-12-31',NULL,'Sioah','Indonesia'),(92,'m','2016-01-16',NULL,'Kauniainen','Finland'),(93,'f','1993-07-14',NULL,'Buqei‘a',NULL),(94,'m','2018-09-21',NULL,'Kushk',NULL),(95,'f','2019-06-12',NULL,'Sucre','Colombia'),(96,'f','2008-10-13',NULL,'Forshaga','Sweden'),(97,'m','2004-08-19',NULL,'Puan Selatan','Indonesia'),(98,'m','1985-01-02',NULL,'Rîşcani','Moldova'),(99,'f','2019-09-27',NULL,'Amieira','Portugal'),(100,'f','1987-02-21',NULL,NULL,'Indonesia');
/*!40000 ALTER TABLE `profiles` ENABLE KEYS */;
UNLOCK TABLES;

--
-- Table structure for table `users`
--

DROP TABLE IF EXISTS `users`;
/*!40101 SET @saved_cs_client     = @@character_set_client */;
/*!50503 SET character_set_client = utf8mb4 */;
CREATE TABLE `users` (
  `id` bigint unsigned NOT NULL AUTO_INCREMENT,
  `first_name` varchar(145) NOT NULL,
  `last_name` varchar(145) NOT NULL,
  `email` varchar(145) NOT NULL,
  `phone` char(11) NOT NULL,
  `password_hash` char(65) DEFAULT NULL,
  `created_at` datetime NOT NULL DEFAULT CURRENT_TIMESTAMP,
  PRIMARY KEY (`id`),
  UNIQUE KEY `email` (`email`),
  KEY `phone` (`phone`),
  KEY `email_2` (`email`)
) ENGINE=InnoDB AUTO_INCREMENT=101 DEFAULT CHARSET=utf8mb4 COLLATE=utf8mb4_0900_ai_ci;
/*!40101 SET character_set_client = @saved_cs_client */;

--
-- Dumping data for table `users`
--

LOCK TABLES `users` WRITE;
/*!40000 ALTER TABLE `users` DISABLE KEYS */;
INSERT INTO `users` VALUES (1,'Judith','Tollit','jtollit0@who.int','9361302962','c3e429782c830336dc85d29b315c024dca5badbc0978d5cc44e11cdc2362bd83','2021-01-30 09:15:37'),(2,'Pietro','Letrange','pletrange1@youtu.be','4666605715','9078c6ea3b5d60502735a5ed3e0f3751aec77a6be04489f9afaba1fc2fb2c942','2020-09-13 18:06:50'),(3,'Boycie','Buckby','bbuckby2@wunderground.com','6808996976','1886797835502558fe7573c509ce4e4b03f7888f7f4a066eca152e2a2320605f','2020-11-25 18:40:31'),(4,'Ewan','de Castelain','edecastelain3@squarespace.com','1422475641','7690e051e9b85d4bb79e7224ba7fed6757066ce24109104af2d3761ea9525c3d','2020-07-19 15:35:43'),(5,'Dorothy','Ovill','dovill4@reuters.com','2197751205','b5fbb3fecf16ea59d10f67dd848209004723800866c5191d5ad130474fdc32fc','2021-02-03 15:51:37'),(6,'Shea','Bremmer','sbremmer5@feedburner.com','4796763040','4b40c34f9bfeeccf4e2ebcb9ec2a076774739d92c78ac5f7e7e2d8469516d618','2020-12-23 19:43:18'),(7,'Merrill','Trembey','mtrembey6@flickr.com','2122209064','e98bed2dda953cb15f992e455e8a9d197e5af6cf7fa120b26ff15226c6d4bf7a','2021-07-02 08:03:07'),(8,'Lilith','Kolushev','lkolushev7@mozilla.com','7002025988','51c60c7a599ae2215770a021a6b46d471b9524b62e6ce07e048cea1889932687','2020-09-27 10:55:42'),(9,'Charmain','Graser','cgraser8@about.com','1385897759','498fcfa6cf6e186f9351674a3773772d491b7f3e35ba7298211731812dd8c358','2020-10-18 10:56:01'),(10,'Arlette','Luggar','aluggar9@odnoklassniki.ru','4653289718','06868c10c2c9b4d05ae80ddd4bfd0798b17e2749eff656c3afe03198aee06dc2','2020-08-16 17:45:52'),(11,'Araldo','Trickey','atrickeya@independent.co.uk','9646078195','aba9c6508108f9d788f843388a6fd247567905e50dd9e3077d014b9944884ea6','2021-06-19 18:22:16'),(12,'Merrill','Stobie','mstobieb@example.com','4626512343','2fa079fe4022d344203aec1d1ecd86dd4c6db226818eea9b9e3081778eea2f9b','2020-10-20 06:47:43'),(13,'Payton','McGavigan','pmcgaviganc@utexas.edu','6183651982','8c62fa6882cc9196e9dbd65fb172a607f5ba839e7dd8e817b01e48a1fcf10b39','2021-07-08 14:35:23'),(14,'Farlay','Laffin','flaffind@ucoz.ru','4139311962','72bde5b6792370f6a1ce50e9ffd99ea469acf0bed3d315f507e9f56f30abb4e9','2021-05-22 17:43:24'),(15,'Fielding','MacNeachtain','fmacneachtaine@dedecms.com','3294142464','b26c4e687de174ac50f31087198e17af1b8919f43c8c4d829d9c29a0f06f16ea','2021-02-13 10:32:35'),(16,'Ward','Arnhold','warnholdf@instagram.com','1029199217','70faeacb4efacdf71b35d4c722768ec0aa2d0e35e8426c760720b45813eb67f7','2020-10-07 01:17:42'),(17,'Gabi','Kluger','gklugerg@istockphoto.com','7801431077','de1e10e7d40bab5005a9cd5e72bd98d14e69a3457096b06e5b5761d313240563','2021-05-04 19:13:17'),(18,'Amerigo','Iowarch','aiowarchh@weather.com','1761839775','a061ffcd0a409abf0b655f343118ed518d5b934f283985bbc40af17617142b9f','2021-04-19 02:27:25'),(19,'Pam','Pankhurst.','ppankhursti@i2i.jp','4363820485','9dd4fdf671f8e046d683d35ddce4f58bf68d123813c9630e8445a83cfb01a522','2021-03-01 20:35:50'),(20,'Mervin','Belfield','mbelfieldj@spiegel.de','4739538957','1d8f1b3bae010226cc4b576533de8001a5dc6df3ff21c3276cb2b2c378e1b32e','2021-07-01 09:38:29'),(21,'Torey','Lafont','tlafontk@skyrock.com','5488145512','2193e656df431a8a5c831c269a71706972d945c11aae9081cfa336cd450b88a6','2020-12-12 08:18:49'),(22,'Putnem','Tortice','ptorticel@networkadvertising.org','3986428074','db3059f137d62f91e637e44b457638221b889de365cc3b090435a61550b07fa5','2021-07-10 23:56:17'),(23,'Oliver','Treslove','otreslovem@who.int','9049618802','923861691dc23b6207416d94acd2878f028721f2f6827b0d31d401b77a520fcd','2020-12-04 22:45:22'),(24,'Garwood','Schelle','gschellen@techcrunch.com','4533895933','2a253c2de0573b8dc5c07b85826af3753c320ada888c751548d7091cd391f6ff','2021-03-07 20:15:30'),(25,'Ned','Jira','njirao@hc360.com','1263801192','8f3478b5691ba548271a00cadd11d4e777a07bdd5b7e04c8f8caa14bd9fb152a','2021-06-20 07:54:56'),(26,'Kasey','Righy','krighyp@livejournal.com','6075732025','3acedf544abda3e06266ec8954d42733230f41ae76b6162b4c211a742f193321','2020-11-23 17:41:30'),(27,'Reeva','Montfort','rmontfortq@netlog.com','3591895583','862e825ae8ed622f597b789c7ae945b1d5a39922c2277096146c305ffa22d67b','2020-08-14 15:06:41'),(28,'Lauree','Perot','lperotr@mysql.com','7611144041','1eb0469f5a1563709edfa6495762907ba7dc6141e23109347c9fc397b7842985','2021-04-30 09:28:35'),(29,'Reggy','Tankard','rtankards@icq.com','9397503627','bdb9e361de00a8b8f1ee34bae59b9b5768d62dd268b24b9ad30e0a50a1f0cc66','2020-11-14 05:05:39'),(30,'Justina','Kinney','jkinneyt@bluehost.com','8121836848','8375b05a21856e09494f00ecad2289b65e917ae24f0000f951d1b880b66ef23b','2021-01-07 12:24:37'),(31,'Kizzie','Dobel','kdobelu@china.com.cn','6575155488','8360d117869bae3171f3781d559a1ad519c14471fa58c04517f587c0e584307f','2021-03-04 00:16:40'),(32,'Stanford','Broun','sbrounv@mapquest.com','4418390270','345e8e65a593b0d6dff72b0a0b6f304e463aeb89241ced44b86356ec0721d906','2021-06-19 19:17:35'),(33,'Barry','Bettenson','bbettensonw@about.com','6104770311','d7fefa7945e3208053c17be84dd52cb2dc1d251ebf0c91b5ce39ef889a53a712','2021-04-24 04:03:17'),(34,'Payton','Siward','psiwardx@va.gov','4309374122','74b54ce6e6e00a3806b0c39a13da88327b788ce4c27573dca7e3a8181e8cc884','2021-03-14 18:16:07'),(35,'Mallory','Ruste','mrustey@ameblo.jp','9732083456','be27c35a4fa4a4593d7f8ebbe4a11e3b19beeeb2b23b4aed6dd81c49b1b0b6c7','2021-01-22 22:33:33'),(36,'Verene','Moorman','vmoormanz@youku.com','5577534195','c613bd67702d3150191d87985aba06500ffed492dc432d3bdabde258063ee5fe','2020-09-12 01:37:20'),(37,'Charin','Crook','ccrook10@bloglovin.com','2318097990','5f78a54ab4c9e9d942864cc76b27c93023f1ad39a5bc3b54b969e0a88eb46344','2021-01-11 07:10:39'),(38,'Vinita','Snel','vsnel11@slate.com','3203556481','4d5b2e1767d1659edc1d7a7bc2ea3020ea066c143a4aa72996b48813bce08182','2020-08-01 05:28:22'),(39,'Starlin','Gonthier','sgonthier12@hostgator.com','1806867969','9ac61104f2b8684c5b512deeb33ed8ec790607d314177d9112d2999c6e24e1b9','2021-02-26 10:30:40'),(40,'Marie-ann','Crumpe','mcrumpe13@dailymotion.com','2081338539','6a53a729cbf19a6ee7cbe4e6dfeaeff326a5ffce643c86ab9eb4f4f317a8ef35','2020-09-03 20:06:29'),(41,'Jeanie','Rigardeau','jrigardeau14@icio.us','9896513190','749f623b661c7e523b4d096f08138be6f8827ca45d69aa05dcae2fed72c351c0','2021-02-16 05:24:41'),(42,'Dewie','Jacquot','djacquot15@myspace.com','5182239453','f18a8cfb3be0f4bbf2fc07efb59904cdb99c435d3ca988886b84f13dc654889c','2021-06-04 01:40:31'),(43,'Lona','Crampsey','lcrampsey16@shinystat.com','2344626347','6f79764357cd94d9723cdab3fd0a85ba4765486bed9e63f6439f7ed2887709c5','2021-01-07 14:48:06'),(44,'Milena','Bortolotti','mbortolotti17@discovery.com','1859543473','c3fb8b89e76bcff0f382bb09a99e54ed0f1f921ccf2450790e0e1197515945b1','2021-02-02 09:57:09'),(45,'Herman','Rolling','hrolling18@va.gov','7494080568','a3300cb732639d7ee547b992101ee638133fab5250eb9b529392842b1f7012b5','2021-03-03 20:14:38'),(46,'Waverly','Ramsden','wramsden19@ucoz.com','9771230699','b02a1878cc8c4e3928a8c44e241da66b8a51a00fbea24875a4899c9feec62b4d','2021-02-19 02:19:01'),(47,'Consolata','Lezemere','clezemere1a@myspace.com','2507822247','f429b22fc9a7a49ee04d47c27916657b4d2560337238fc83ffba5529bffe635e','2021-01-13 15:01:08'),(48,'Archibald','Kerrane','akerrane1b@craigslist.org','4963629975','3880f92a76e9aac752ce50a4778106621de8ac3e471da481be9758b1aca4d5a2','2020-08-29 00:29:12'),(49,'Bird','Pfertner','bpfertner1c@people.com.cn','4611037619','f5687e9fab361973467093be925584623cec2dd2e185daf68e6f29c4db80fec4','2021-04-28 06:44:11'),(50,'Annis','Matthews','amatthews1d@posterous.com','1175083504','928c6f81fa4695a652d1078c05cfa545b8c058b3db1ac4ada32ee690970149b5','2020-10-04 09:45:09'),(51,'Joline','Wardell','jwardell1e@nytimes.com','3917854844','9789f369d98ab3e6b07866371784f770a6145d4f2623fb6e5a687c2be329d825','2021-05-17 03:50:51'),(52,'Hewet','Messum','hmessum1f@blogspot.com','8659874557','b846abf67eb13783528c90a33baa4a84afac6eb79a94462edae5fcb3902fe75c','2020-12-11 00:10:25'),(53,'Elene','Barz','ebarz1g@naver.com','7894340425','8bee3a973ce6825a0fddf9c3f6035e43d0210300b8e4a43d3c12f973058a7305','2021-03-27 03:10:38'),(54,'Ryann','Carver','rcarver1h@cam.ac.uk','3851146641','4798e10a51438108f08b0a96fb5118ce728dc8fa4f070346cfb461d53eb1f700','2021-07-03 16:32:45'),(55,'Bill','Flewitt','bflewitt1i@google.es','8035264342','ad8e90f58e25acb7679aa96d37e82f25f7af2de00e598588fe0f19b73b728dc7','2021-07-06 20:19:25'),(56,'Conn','Shailer','cshailer1j@npr.org','9002658897','d410efa3e8fad04e4571e8cbe4c77cd9a673a466f1e452365d2d0accff17a1d4','2021-03-08 16:06:59'),(57,'Priscella','Brightman','pbrightman1k@t-online.de','6673086745','cf94e275b677f25ea7f341a9a3c536402b8e0843ee4f2491645b282bee275b4f','2020-09-23 00:30:22'),(58,'Farleigh','Blight','fblight1l@eepurl.com','2325836140','d0ba417e61be0ba21d83bccec8fc4ccbe938b2126f47c42481b22c4af917faa3','2020-12-29 06:24:46'),(59,'Korie','Hamlington','khamlington1m@slate.com','9749154610','92c8cbef92dce1b9708faf97973008d094230144816192b13ca454048d11bdc1','2020-09-28 01:08:54'),(60,'Britt','Inderwick','binderwick1n@seesaa.net','2581609925','35bb865d39840583f8ef6fbb4ebc878fade0f9cec0bd5991f2c285f520086798','2020-10-07 09:46:39'),(61,'Adelle','Sharvell','asharvell1o@uol.com.br','7903844712','3e40552fb622834e9d5dcb279ebd17851889f9c37c27ad44d0bf34184dfa3ca4','2020-09-12 23:55:29'),(62,'Tabby','Glason','tglason1p@oakley.com','5554567420','71430c765dd7f0bd36c407121cfce4bd88b38cd88d27600ab8983bc989dec096','2020-09-14 01:23:40'),(63,'Hyacinthe','Sicha','hsicha1q@jalbum.net','7096092417','26369bc6b2ddd61a66b6e910f1bf5da7077b38eef4fdbf71f7d977c62ec00db8','2021-01-24 22:42:20'),(64,'Terri-jo','McRitchie','tmcritchie1r@hhs.gov','1425740372','27e73970cdb88c75175477dbd583104c1f4921407a9b85ca2508c86eca3a3eae','2020-08-15 18:59:06'),(65,'Myrna','Moorton','mmoorton1s@upenn.edu','2472175399','b4238dcc989b1f026662c43e482ac0b06cfff80d867fc73db6401f80393ad6b4','2020-12-12 04:53:35'),(66,'Gui','Priestner','gpriestner1t@usgs.gov','4759079639','8d1abcfb35ab4c73602010c20fd15b02f35042fc94eae6a765a5b2d9788bc417','2020-08-30 01:54:13'),(67,'Sanford','Huncoot','shuncoot1u@nature.com','5223718490','23133f4d5f23cb1d41e621f8537f2696fe1899b4522e1ee2556802636a7e7d0a','2021-04-04 15:36:03'),(68,'Joe','Bothen','jbothen1v@rediff.com','3461265845','b5eacd09d594068f6838ad50c068d438f3709e68c7c2328869ea99ae8cf14fb4','2021-05-26 23:36:39'),(69,'Zebadiah','McDougald','zmcdougald1w@storify.com','9721160412','3915a44b735698d5fa6e7425d673e22e2542cdb32e60d1b983506eec8565639a','2021-01-21 21:38:14'),(70,'Arlin','Koppelmann','akoppelmann1x@xrea.com','5549995036','655a6e3c2b8dbc7d62d09a4ef38e7b67dd2cd5404d391886ced893b0fb9799ff','2021-03-28 16:19:09'),(71,'Spence','Verdun','sverdun1y@pcworld.com','4405372458','63a0b17229916c241feb6c19197675067fcbaa3e8344d80b70cf89d43ba2f2fe','2021-07-12 04:20:46'),(72,'Farrah','Mamwell','fmamwell1z@dailymail.co.uk','4757007530','8d56c0fa319064b30eadc637e6dd30caa9b9fb2f716a31d059446e69a54d9516','2020-12-11 11:36:09'),(73,'Hanny','Crewe','hcrewe20@alexa.com','9126309476','16432518198cccb72a30135bf13fdb56ebffde0539940596741a13f6504d2f2c','2020-08-02 11:40:19'),(74,'Helyn','Penhaleurack','hpenhaleurack21@phoca.cz','3425176474','9411bf854469020e3d0e24ad7aba087a25b285adac757281df1e14276f2bd74e','2020-08-04 10:39:55'),(75,'Gratiana','Alloway','galloway22@wisc.edu','3596335873','3645d1b75d9cb941d2534ba911ce0591643da825f3b8c82bbf7dfdbe448a73c6','2021-05-08 13:42:40'),(76,'Cati','Tadman','ctadman23@imdb.com','5283189954','d29e17e5d024834e533607a9c7981a5469cdaf86cc5085c7e555281d052911e3','2021-01-09 06:41:33'),(77,'Bettye','Hertwell','bhertwell24@netvibes.com','3922423658','cc72c661cc0f054031b8dfb190b533d10b3dcd7166f83b31a195054246bfe1f5','2021-01-26 15:54:39'),(78,'Alyce','Jeannaud','ajeannaud25@toplist.cz','4621949029','fe89715067ca5b955aef84fe5d7edfd6e7780f019a606796e800486cfe5b440e','2021-04-16 05:46:22'),(79,'Brantley','Pargeter','bpargeter26@mtv.com','5872241168','bf0287fa6eb9ae1cc1e2b7707ad1e27a853172dceda8f0cbe4e39fd91d8a4665','2021-05-24 23:07:11'),(80,'Seymour','Taylder','staylder27@google.de','4224651466','58e8c48a8b143f2c90d10e45064a2af498fc80cb3c3642985cd7c26400c803a3','2020-07-18 16:17:47'),(81,'Sutherland','Impleton','simpleton28@freewebs.com','7498220489','7fae21f75d831c764e6929e03915ef43ff30df72e64797cb7ceaf4f2feec532b','2021-03-25 20:40:23'),(82,'Sena','Matijevic','smatijevic29@bigcartel.com','4185409253','c4d6c63ff0ff8dc7be5a413a579a4285e859ecb8d6616b88779827e81e3f9941','2020-12-19 07:10:09'),(83,'Zenia','Caveney','zcaveney2a@is.gd','1029995288','e5a084bce6be185593eb509681bc2e9e6806679c42a763f9f98bd55b9e46062b','2021-04-17 10:50:00'),(84,'Orsa','Wakelin','owakelin2b@mtv.com','3845517153','0f47a0e4924325b29b8c82a69bbb34b296101be675526161e225e2fde5f560cf','2020-12-09 19:20:21'),(85,'Liza','Teare','lteare2c@disqus.com','8208701169','0047961953aae85d359eb3951980cff94674f989cda6e229fd051ff0e74845a8','2021-03-31 03:55:30'),(86,'Aggie','Maldin','amaldin2d@reddit.com','4203547810','79f54b4f997312f6a74af2e95769e1eae04d5604103993ba5ea8db8c5e3dd5a1','2021-01-09 04:05:46'),(87,'Hilda','Musk','hmusk2e@accuweather.com','3314347001','5bec4acf5f992c2327d67413f6248c7993be5e49f7f071106df697c5d366d9d4','2020-12-05 15:37:19'),(88,'Elnore','Cartlidge','ecartlidge2f@mapquest.com','3029350302','2b4a535d174aa574a27f48369b0dd2a95f202d2402348725693ff86d5af7f0e6','2021-04-28 21:29:02'),(89,'Dermot','Burgisi','dburgisi2g@springer.com','5863560329','5074591304f3bcc8e3c6dd7b3c00306d016aae26c45885817af342b90d8b29c3','2021-04-10 18:35:15'),(90,'Ward','Lomasny','wlomasny2h@indiatimes.com','3756680136','4a82ebfbbc6dc1a7b06a7d4a10eb0d65df63e1fff0d87b2f373ae138b8e729f2','2021-06-04 10:04:03'),(91,'Kristal','Branchett','kbranchett2i@shop-pro.jp','6393272079','c90526ab522eb0bc48e87242f6de8efd473aa11c6e716fc208e14925401728fb','2021-04-19 09:44:09'),(92,'Park','Wycliffe','pwycliffe2j@google.co.uk','4356674419','4de295488443fd3903c4bd70c4bdd9111c3a75eab5380d4111ede4adb46f3de8','2020-11-14 16:07:22'),(93,'Rik','Claussen','rclaussen2k@dedecms.com','5745350900','2fde6b75da77c6b233c4302e4b380687fcc350f85c38ff6b252d1105412c42ba','2021-03-24 08:00:29'),(94,'Loralie','Josephi','ljosephi2l@biblegateway.com','3543310824','98fba57224c32338b6f6e21981896cd1e991fa0a7ec67ad17698a0e07a8ac810','2020-09-22 21:14:01'),(95,'Fannie','Elgie','felgie2m@abc.net.au','9121519702','3227a77bda3f35f4e68fe213643b3e7568133a21aa6d2414f3ee44f4e6e49884','2021-06-03 22:57:43'),(96,'Enrichetta','Fatharly','efatharly2n@prweb.com','6936104991','5bce6cd178b046d3337d5f368fea5b5348ac7756a19112671c0b7dd468699267','2021-01-24 15:13:15'),(97,'Scotti','Richardes','srichardes2o@creativecommons.org','7875753954','40a70fa893987e5c1b4314252d0d204169c065d27b28bfc1c04aa7823f99197d','2021-03-29 01:57:25'),(98,'Alfons','Abbati','aabbati2p@comsenz.com','1231350989','275a5592cec6c8d12b602e62e67cebd2b6d7d61e22ca9d88a8b47bf283a3480c','2021-06-08 12:39:47'),(99,'Dene','Babst','dbabst2q@skype.com','2306837163','141bf47dbf26b47906d357a19af0f9d35e97b74b8f219e4b9bc62e8a11c58489','2021-04-07 20:27:51'),(100,'Dara','Eckersley','deckersley2r@dion.ne.jp','5183387941','b1c80ef6240aa901134c60141c470c94931838259b4c8237f2c70348d88148b4','2020-10-13 12:57:02');
/*!40000 ALTER TABLE `users` ENABLE KEYS */;
UNLOCK TABLES;
/*!40103 SET TIME_ZONE=@OLD_TIME_ZONE */;

/*!40101 SET SQL_MODE=@OLD_SQL_MODE */;
/*!40014 SET FOREIGN_KEY_CHECKS=@OLD_FOREIGN_KEY_CHECKS */;
/*!40014 SET UNIQUE_CHECKS=@OLD_UNIQUE_CHECKS */;
/*!40101 SET CHARACTER_SET_CLIENT=@OLD_CHARACTER_SET_CLIENT */;
/*!40101 SET CHARACTER_SET_RESULTS=@OLD_CHARACTER_SET_RESULTS */;
/*!40101 SET COLLATION_CONNECTION=@OLD_COLLATION_CONNECTION */;
/*!40111 SET SQL_NOTES=@OLD_SQL_NOTES */;

-- Dump completed on 2021-07-14 17:19:26
